acreage,district,price
20.0,quận bình tân,2.2
20.0,quận 7,2.5
30.0,quận 7,3.5
30.0,quận 7,1.5
18.0,quận phú nhuận,3.5
15.0,quận phú nhuận,2.2
20.0,quận 3,4.5
16.0,quận 8,3.0
25.0,quận 3,4.5
18.0,quận phú nhuận,3.0
14.0,quận 6,2.5
18.0,quận 4,4.0
16.0,quận 4,2.7
9.0,quận 4,1.3
23.0,quận 4,4.5
24.0,quận 4,2.5
20.0,quận 4,2.0
19.0,quận 4,3.0
30.0,quận 7,4.0
35.0,quận 7,8.0
18.0,quận 7,3.0
25.0,quận 7,3.8
18.0,quận 7,2.2
25.0,quận 7,5.0
30.0,quận 7,5.5
25.0,quận 7,3.7
13.0,quận phú nhuận,2.5
14.0,quận phú nhuận,3.5
35.0,quận phú nhuận,7.0
30.0,quận phú nhuận,3.5
28.0,quận phú nhuận,4.7
25.0,quận phú nhuận,5.0
30.0,quận phú nhuận,5.0
15.0,quận 4,1.5
25.0,quận 4,3.5
30.0,quận 4,3.5
20.0,quận 4,3.0
12.0,quận 4,2.0
40.0,quận 4,3.5
35.0,quận 4,4.0
8.0,quận 4,2.0
34.0,quận 4,2.1
25.0,quận 4,4.0
28.0,quận 4,4.5
32.0,quận 4,4.5
16.0,quận 4,3.5
25.0,quận 4,4.5
35.0,quận phú nhuận,7.5
30.0,quận 4,1.5
9.0,quận 4,1.2
25.0,quận phú nhuận,6.0
20.0,quận 4,4.0
30.0,quận phú nhuận,5.5
20.0,quận phú nhuận,4.7
28.0,quận phú nhuận,5.9
35.0,quận phú nhuận,4.5
18.0,quận phú nhuận,3.8
20.0,quận phú nhuận,4.0
35.0,quận phú nhuận,4.3
25.0,quận 7,3.5
20.0,quận 7,3.0
20.0,quận 7,3.5
20.0,quận 7,3.6
30.0,quận 7,4.8
20.0,quận 7,3.2
15.0,quận 7,2.5
24.0,quận 7,2.8
25.0,quận 7,3.6
15.0,quận 7,2.3
20.0,quận 7,3.3
30.0,quận 7,4.7
20.0,quận 7,4.0
35.0,quận 10,6.0
13.0,quận 7,2.5
25.0,quận 10,3.9
28.0,quận 10,5.0
25.0,quận 7,3.0
30.0,quận 10,4.5
24.0,quận 7,2.6
16.0,quận 7,2.0
40.0,quận 7,4.0
33.0,quận 7,4.2
22.0,quận 7,4.0
30.0,quận 7,4.2
32.0,quận 7,4.0
20.0,quận 10,2.5
11.0,quận 10,2.5
12.0,quận 10,1.5
20.0,quận 10,3.8
25.0,quận 10,2.8
16.0,quận 10,2.3
25.0,quận 10,4.0
12.0,huyện nhà bè,1.6
20.0,huyện nhà bè,1.5
30.0,huyện nhà bè,3.5
22.0,huyện nhà bè,1.5
24.0,huyện nhà bè,3.7
20.0,huyện nhà bè,3.0
30.0,huyện nhà bè,4.2
20.0,huyện nhà bè,2.5
24.0,huyện nhà bè,1.8
32.0,huyện nhà bè,2.2
16.0,huyện nhà bè,1.8
18.0,quận bình tân,1.6
20.0,quận bình tân,2.5
40.0,huyện nhà bè,2.3
18.8,quận bình tân,1.7000000000000002
16.0,quận bình tân,1.2
15.0,quận bình tân,2.2
20.0,quận bình tân,1.5
25.0,quận bình tân,1.7000000000000002
12.0,quận bình tân,1.7000000000000002
18.0,quận bình tân,1.8
24.0,quận bình tân,2.0
16.0,quận bình tân,1.8
15.0,quận bình tân,2.0
25.0,quận bình tân,1.9
20.0,quận bình tân,2.0
16.0,quận bình tân,1.3
15.0,quận 4,2.5
25.0,quận 4,3.49
16.0,quận 4,1.5
32.0,quận 4,4.0
22.0,quận 4,3.8
30.0,quận 4,4.0
20.0,quận 6,2.5
25.0,quận 6,3.2
24.0,quận 6,3.3
24.0,quận 6,2.2
35.0,quận 6,3.2
30.0,quận 6,2.5
18.0,quận 6,2.3
20.0,quận 6,1.4
25.0,quận 6,3.0
20.0,quận 6,2.4
12.0,quận 6,1.5
12.0,quận 6,1.2
40.0,quận 6,4.5
20.0,quận 6,1.7000000000000002
24.0,quận 6,3.0
12.0,quận 6,1.3
17.0,quận 6,1.8
26.0,quận 6,3.5
18.0,quận 6,3.0
15.0,quận 6,1.8
28.0,quận 6,4.0
12.0,quận 6,1.8
30.0,quận 6,4.0
20.0,quận 6,2.3
32.0,quận 6,2.8
18.0,quận 6,1.8
36.0,quận 6,3.2
21.0,quận 6,3.2
16.0,quận 6,2.7
13.0,quận 6,1.7000000000000002
35.0,quận 6,4.0
18.0,quận 6,2.2
18.0,quận 6,2.6
12.0,quận 6,2.5
25.0,quận 6,3.5
20.0,quận 6,3.5
30.0,quận 6,1.6
12.0,quận 6,2.0
35.0,quận 6,3.0
16.0,quận 6,1.0
30.0,quận 6,3.5
20.0,quận 6,1.5
30.0,quận 6,3.6
30.0,quận 6,1.5
24.0,quận 6,1.8
28.0,quận 6,2.0
20.0,quận 6,1.6
40.0,quận 6,3.5
22.0,quận 6,1.8
30.0,quận 6,3.8
22.0,quận 6,1.7000000000000002
30.0,quận 8,3.0
20.0,quận 8,2.0
20.0,quận 8,2.3
20.0,quận 8,3.0
40.0,quận 8,3.5
20.0,quận 8,1.5
20.0,quận 8,3.5
20.0,quận 8,2.5
20.0,quận 8,1.8
20.0,quận 8,2.4
15.0,quận 8,1.7000000000000002
30.0,quận 8,2.0
24.0,quận 8,2.5
25.0,quận 8,1.9
20.0,quận 8,3.3
25.0,quận 8,2.5
40.0,quận 8,3.6
25.0,quận 8,3.0
18.0,quận 8,3.0
18.0,quận 8,1.0
25.0,quận 8,2.3
18.0,quận 8,1.3
14.0,quận 8,2.2
16.0,quận 8,1.6
12.0,quận 8,1.3
25.0,quận 8,3.5
27.0,quận 8,2.545
18.0,quận 8,2.2
18.0,quận 8,3.5
18.0,quận 8,2.1
18.0,quận 8,2.0
20.0,quận 8,2.8
25.0,quận 8,1.8
28.0,quận 8,3.2
24.0,quận 8,4.0
22.0,quận 8,1.8
18.0,quận 8,1.8
22.0,quận 8,2.5
35.0,quận 8,3.3
25.0,quận 8,2.6
21.0,quận 8,1.3
18.0,quận 6,2.5
30.0,quận 6,5.0
24.0,quận 6,3.5
16.0,quận 6,3.5
30.0,quận 6,3.0
30.0,quận 6,3.1
30.0,quận 3,3.0
22.0,quận 3,1.6
15.0,quận 3,3.3
18.0,quận 3,3.5
16.0,quận 3,3.0
25.0,quận 3,1.8
20.0,quận 3,3.5
18.0,quận 3,4.0
12.0,quận 3,2.0
20.0,quận 3,4.0
30.0,quận 3,6.5
35.0,quận 3,5.0
25.0,quận 3,4.0
20.0,quận 3,3.8
35.0,quận 3,5.5
30.0,quận 3,4.5
25.0,quận 3,3.5
13.0,quận 3,3.5
13.0,quận 3,3.3
30.0,quận 3,2.0
30.0,quận 3,5.0
13.0,quận 3,3.4
30.0,quận 3,6.0
20.0,quận 3,2.5
12.0,quận 3,3.3
20.0,quận 3,2.0
16.0,quận phú nhuận,4.0
20.0,quận phú nhuận,5.0
23.0,quận phú nhuận,3.6
16.0,quận phú nhuận,3.0
15.0,quận phú nhuận,2.5
22.0,quận phú nhuận,4.5
23.0,quận phú nhuận,3.4
12.0,quận phú nhuận,2.5
14.0,quận phú nhuận,2.0
25.0,quận phú nhuận,4.0
25.0,quận phú nhuận,5.5
20.0,quận phú nhuận,4.5
20.0,quận phú nhuận,3.5
21.0,quận phú nhuận,5.5
20.0,quận phú nhuận,5.5
18.0,quận phú nhuận,2.5
20.0,quận phú nhuận,2.6
20.0,quận phú nhuận,3.0
12.0,quận phú nhuận,1.7000000000000002
40.0,quận phú nhuận,5.5
20.0,quận phú nhuận,3.6
25.0,quận phú nhuận,3.5
22.0,quận phú nhuận,4.8
35.0,quận phú nhuận,5.0
15.0,quận phú nhuận,4.0
27.0,quận phú nhuận,5.0
9.0,quận 7,2.0
30.0,quận 7,4.5
20.0,quận phú nhuận,3.3
32.0,quận phú nhuận,3.9
17.0,quận phú nhuận,4.5
18.0,quận phú nhuận,5.0
25.0,quận phú nhuận,4.7
16.0,quận phú nhuận,1.5
30.0,quận phú nhuận,4.9
25.0,quận 7,4.6
18.0,quận 7,2.8
25.0,quận 7,4.8
21.0,quận 7,3.7
40.0,quận 7,3.5
20.0,quận 7,4.2
40.0,quận 7,5.5
25.0,quận 7,5.5
30.0,quận 7,5.0
15.0,quận 7,0.95
35.0,quận 7,6.0
27.0,quận 7,4.7
30.0,quận 7,5.2
35.0,quận 7,3.6
16.0,quận 7,2.5
30.0,quận 7,3.9
35.0,quận 7,3.7
22.0,quận 7,4.5
25.0,quận 7,5.8
15.0,quận phú nhuận,3.0
32.0,quận phú nhuận,4.5
30.0,quận phú nhuận,7.5
30.0,quận 7,3.6
32.0,quận phú nhuận,6.0
15.0,quận phú nhuận,3.5
30.0,quận phú nhuận,4.0
30.0,quận phú nhuận,4.8
30.0,quận phú nhuận,3.0
16.0,quận phú nhuận,4.5
12.0,quận 7,1.5
15.0,quận 7,2.0
25.0,quận 7,4.5
20.0,quận 7,4.5
30.0,quận 7,3.7
12.0,quận phú nhuận,2.0
28.0,quận phú nhuận,4.0
18.0,quận phú nhuận,2.2
20.0,quận phú nhuận,4.2
40.0,quận phú nhuận,3.8
24.0,quận phú nhuận,5.5
30.0,quận phú nhuận,6.5
25.0,quận phú nhuận,3.0
15.0,quận 7,1.6
30.0,quận 7,2.5
30.0,quận phú nhuận,6.0
22.0,quận 7,2.8
25.0,quận 7,2.5
30.0,quận 7,2.3
20.0,quận 7,2.8
25.0,quận 7,2.8
25.0,quận 7,4.7
17.0,quận 7,2.5
25.0,quận 7,4.0
25.0,quận 7,3.2
15.0,quận 7,3.7
25.0,quận phú nhuận,4.3
20.0,quận 7,4.7
25.0,quận phú nhuận,4.2
20.0,quận 7,1.6
22.0,quận 7,1.6
20.0,quận 7,2.7
12.0,quận 7,2.0
26.0,quận 7,3.2
25.0,quận 7,1.9
20.0,quận 7,1.8
22.0,quận 7,3.0
18.0,quận 7,2.9
30.0,quận 7,2.2
25.0,quận 7,2.2
25.0,quận phú nhuận,4.5
30.0,quận 7,3.3
16.0,quận 7,1.6
32.0,quận 7,5.0
22.0,quận 7,3.4
20.0,quận 7,2.2
35.0,quận 7,6.5
26.0,quận 7,4.7
15.0,quận 7,1.5
30.0,quận 7,6.5
35.0,quận 7,5.8
30.0,quận 7,3.4
24.0,quận 7,3.3
32.0,huyện nhà bè,3.5
17.0,huyện nhà bè,1.5
12.0,huyện nhà bè,1.3
15.0,huyện nhà bè,1.5
12.0,huyện nhà bè,1.5
25.0,huyện nhà bè,3.0
24.0,huyện nhà bè,3.0
30.0,huyện nhà bè,3.0
25.0,huyện nhà bè,1.8
10.0,huyện nhà bè,1.8
30.0,huyện nhà bè,2.5
21.0,huyện nhà bè,1.5
15.0,huyện nhà bè,2.0
30.0,huyện nhà bè,1.7000000000000002
20.0,huyện nhà bè,1.6
15.0,huyện nhà bè,2.5
20.0,huyện nhà bè,1.9
16.0,huyện nhà bè,2.6
25.0,huyện nhà bè,2.0
18.0,huyện nhà bè,2.3
32.0,huyện nhà bè,2.6
24.0,huyện nhà bè,3.2
20.0,huyện nhà bè,2.0
40.0,huyện nhà bè,3.8
20.0,huyện nhà bè,2.8
24.0,huyện nhà bè,2.5
20.0,huyện nhà bè,3.8
32.0,huyện nhà bè,2.0
19.0,huyện nhà bè,2.5
10.0,huyện nhà bè,2.5
20.0,huyện nhà bè,4.3
20.0,huyện nhà bè,2.3
20.0,huyện nhà bè,1.7000000000000002
22.0,huyện nhà bè,2.5
20.0,huyện nhà bè,1.8
22.0,huyện nhà bè,1.8
23.0,huyện nhà bè,1.8
18.0,huyện nhà bè,1.5
15.0,huyện nhà bè,1.9
18.0,huyện nhà bè,1.0
30.0,huyện nhà bè,3.6
20.0,huyện nhà bè,1.2
16.0,huyện nhà bè,1.1
20.0,huyện nhà bè,2.2
17.0,huyện nhà bè,1.6
26.0,huyện nhà bè,2.0
25.0,huyện nhà bè,2.2
22.0,huyện nhà bè,1.6
28.0,huyện nhà bè,2.0
27.0,huyện nhà bè,1.8
30.0,huyện nhà bè,3.3
30.0,huyện nhà bè,4.8
22.0,huyện nhà bè,4.0
12.0,huyện nhà bè,2.5
25.0,huyện nhà bè,4.0
35.0,huyện nhà bè,4.0
24.0,huyện nhà bè,2.8
16.0,huyện nhà bè,2.3
25.0,huyện nhà bè,5.2
25.0,huyện nhà bè,1.5
13.0,huyện nhà bè,2.0
12.0,huyện nhà bè,1.0
20.0,huyện nhà bè,3.7
22.0,huyện nhà bè,2.8
12.0,huyện nhà bè,3.0
16.0,huyện nhà bè,2.0
25.0,huyện nhà bè,2.8
14.0,huyện nhà bè,1.8
12.0,huyện nhà bè,1.2
24.0,huyện nhà bè,1.3
13.0,huyện nhà bè,1.2
24.0,huyện nhà bè,1.4
13.0,huyện nhà bè,1.5
24.0,huyện nhà bè,2.3
24.0,quận 7,3.2
27.0,huyện nhà bè,2.5
36.0,quận 7,2.5
15.0,quận 7,2.4
32.0,huyện nhà bè,2.7
28.0,quận 10,5.5
20.0,quận 10,3.9
16.0,quận 10,2.0
30.0,quận 10,5.0
35.0,quận 10,5.5
30.0,quận 10,3.8
25.0,quận 10,3.8
25.0,quận 10,2.6
30.0,quận 10,3.9
30.0,quận 10,6.2
27.0,quận 10,2.8
8.0,quận 10,1.6
16.0,quận 10,2.5
25.0,quận 10,2.5
18.0,quận 10,4.0
23.0,quận 10,2.2
32.0,quận bình tân,3.5
20.0,quận bình tân,1.8
21.0,quận bình tân,4.0
25.0,quận bình tân,1.5
25.0,quận bình tân,2.8
25.0,quận bình tân,1.3
25.0,quận bình tân,1.4
16.0,quận bình tân,1.5
25.0,quận bình tân,2.9
30.0,quận bình tân,3.0
30.0,quận bình tân,1.6
25.0,quận bình tân,2.2
22.0,quận bình tân,3.0
15.0,quận 11,2.2
20.0,quận 11,5.0
28.0,quận 11,4.5
25.0,quận 11,5.0
25.0,quận 11,4.5
28.0,quận 11,5.2
15.0,quận 11,2.0
27.0,quận 11,5.2
25.0,quận 11,2.8
22.0,quận 11,4.5
28.0,quận 11,5.0
16.0,quận 11,2.0
20.0,quận 11,3.5
18.0,quận 11,3.5
30.0,quận 11,4.5
11.0,quận 11,1.8
12.0,quận 11,1.6
30.0,quận 11,6.0
28.0,quận 11,3.3
30.0,quận 11,1.5
40.0,quận 11,2.5
20.0,quận 11,2.5
15.0,quận 11,2.9
18.0,quận 11,3.0
30.0,quận 11,6.5
35.0,quận 11,6.2
35.0,quận 4,5.5
20.0,quận 4,3.5
20.0,quận 4,5.0
20.0,quận 4,5.5
25.0,quận 4,6.5
18.0,quận 4,4.5
17.0,quận 4,4.5
12.0,quận 4,3.0
24.0,quận 4,4.0
29.0,quận 4,5.5
31.0,quận 4,6.2
20.0,quận 5,4.5
20.0,quận 5,3.5
20.0,quận 4,4.7
20.0,quận 4,3.8
25.0,quận 4,3.8
25.0,quận 4,1.7000000000000002
30.0,quận 4,4.5
15.0,quận 4,3.6
25.0,quận 4,3.0
30.0,quận 5,2.9
25.0,quận 5,5.5
20.0,quận 5,2.5
15.0,quận 5,2.7
12.0,quận 5,2.7
10.0,quận 5,1.2
20.0,quận 5,2.2
25.0,quận 5,4.0
22.0,quận 5,4.0
20.0,quận 5,1.5
16.0,quận 5,2.5
25.0,quận 5,5.0
22.0,quận 5,4.7
30.0,quận 5,5.5
12.0,quận 5,1.5
25.0,quận 5,4.7
30.0,quận 5,4.7
30.0,quận 5,3.0
25.0,quận 10,6.0
12.0,quận 5,2.5
15.0,quận 5,2.0
30.0,quận 5,5.0
20.0,quận 5,3.0
25.0,quận 5,2.5
22.0,quận 4,5.0
15.0,quận 5,3.5
9.0,quận 4,1.7000000000000002
15.0,quận 4,3.4
15.0,quận 4,3.8
12.0,quận 4,1.1
20.0,quận 4,4.8
25.0,quận 4,5.5
12.0,quận 4,2.2
15.0,quận 4,2.1
40.0,quận 4,3.8
30.0,quận 4,5.0
16.0,quận 4,2.0
25.0,quận 4,1.3
22.0,quận 4,1.3
12.0,quận 4,1.9
15.0,quận 4,2.4
12.0,quận 4,1.3
13.0,quận 4,1.5
15.0,quận 5,0.8
40.0,quận 5,3.0
16.0,quận 4,2.2
30.0,quận 5,3.8
19.0,quận 5,3.5
20.0,quận 5,4.0
30.0,quận 5,4.2
16.0,quận 5,1.6
12.0,quận 5,1.7000000000000002
16.0,quận 5,3.0
18.0,quận 5,3.6
12.0,quận 5,0.8
28.0,quận 5,4.0
40.0,quận 5,3.3
25.0,quận 5,3.5
40.0,quận 5,4.0
30.0,quận 5,1.7000000000000002
10.0,quận 5,1.6
25.0,quận 5,5.8
30.0,quận 5,6.0
20.0,quận 5,2.0
15.0,quận 5,2.5
30.0,quận 5,3.5
30.0,quận 5,2.8
20.0,quận 5,2.6
27.0,quận 5,5.0
20.0,quận 5,2.4
30.0,quận 5,4.0
18.0,quận 5,2.0
9.0,quận 5,2.5
28.0,quận 5,3.6
13.0,quận 5,2.5
25.0,quận 5,1.4
20.0,quận 5,2.000005
15.0,quận 5,2.8
25.0,quận 5,1.6
18.0,quận 5,4.0
15.0,quận 5,3.0
40.0,quận 5,9.5
20.0,quận 5,4.9
16.0,quận 5,2.3
30.0,quận 5,4.5
20.0,quận 5,3.7
10.0,quận 5,2.0
20.0,quận 5,5.0
40.0,quận 5,5.0
18.0,quận 5,2.2
32.0,quận 5,3.0
18.0,quận 5,1.2
36.0,quận 5,6.0
24.0,quận 5,4.0
23.0,quận 5,2.9
10.0,quận 5,2.1
13.0,quận 5,1.8
25.0,quận 5,6.5
40.0,quận 5,7.0
35.0,quận 5,10.0
30.0,quận 5,1.9
17.0,quận 5,2.5
32.0,quận 5,5.0
12.0,quận 5,1.2
36.0,quận 5,5.0
25.0,quận 5,4.8
12.0,quận 5,1.8
18.0,quận 5,3.7
17.0,quận 5,2.3
19.0,quận 5,3.0
25.0,quận 5,4.6
35.0,quận 5,6.5
35.0,quận 5,6.0
30.0,quận 5,4.8
30.0,quận 5,6.5
30.0,quận 5,5.8
25.0,quận 5,2.0
40.0,quận 5,2.0
16.0,quận 5,1.8
18.0,quận 5,3.0
8.0,quận 5,2.0
15.0,quận 5,4.0
20.0,quận 5,3.2
25.0,quận 5,5.4
18.0,quận 5,4.3
5.0,quận 5,1.2
8.0,quận 5,1.3
22.0,quận 5,2.7
40.0,quận 5,4.5
40.0,quận 5,5.5
35.0,quận 5,2.8
7.0,quận 5,1.0
35.0,quận 5,5.5
25.0,quận 5,4.5
10.0,quận 5,1.8
26.0,quận 5,4.8
12.0,quận 5,1.6
14.0,quận 5,1.5
10.0,quận 5,2.4
18.0,quận 5,2.5
35.0,quận 5,4.8
15.0,quận 5,1.5
25.0,quận 5,1.8
29.0,quận 5,5.5
6.0,quận 5,1.5
16.0,quận 5,2.8
16.0,quận 5,3.1
11.0,quận 5,1.7000000000000002
18.0,quận 5,2.1
10.0,quận 5,1.3
9.0,quận 5,1.3
30.0,quận 5,5.7
16.0,quận 5,2.0
22.0,quận 5,3.8
27.0,quận 5,3.0
15.0,quận 5,3.3
14.0,quận 5,3.2
22.0,quận 5,5.5
22.0,quận 5,2.0
12.0,quận 5,2.8
30.0,quận 5,3.7
15.0,quận 5,3.2
14.0,quận 5,3.5
17.0,quận 5,3.5
18.0,quận 5,5.0
20.0,quận 5,1.0
6.0,quận 5,0.798
19.0,quận 5,1.0
20.0,quận 4,1.5
22.0,quận 4,4.0
27.0,quận 4,4.0
14.0,quận 4,2.8
35.0,quận 4,7.0
18.0,quận 4,3.0
25.0,quận 4,6.0
20.0,quận 4,2.1
25.0,quận 4,4.8
16.0,quận 4,2.8
6.0,quận 4,1.3
36.0,quận 4,4.8
25.0,quận 4,2.8
35.0,quận 4,3.5
36.0,quận 4,6.0
25.0,quận 4,7.5
15.0,quận 5,1.4
20.0,quận 4,4.5
28.0,quận 4,5.5
12.0,quận 4,1.8
25.0,quận 4,7.0
18.0,quận 4,3.5
16.0,quận 4,3.0
14.0,quận 4,2.9
15.0,quận 4,2.0
30.0,quận 4,3.0
32.0,quận 4,5.5
15.0,quận 4,2.7
17.0,quận 4,3.3
17.0,quận 4,3.0
30.0,quận 4,5.5
15.0,quận 4,3.3
25.0,quận 4,2.85
20.0,quận 4,5.2
25.0,quận 5,4.3
5.0,quận 4,1.3
25.0,quận 5,3.8
6.0,quận 5,0.5
20.0,quận 5,3.4
35.0,quận 5,4.0
25.0,quận 5,3.7
32.0,quận 4,6.0
9.0,quận 5,1.8
30.0,quận 4,5.9
30.0,quận 4,3.9
40.0,quận 4,2.6
30.0,quận 4,9.0
40.0,quận 4,5.8
25.0,quận 4,4.2
15.0,quận 4,3.0
28.0,quận 4,5.0
14.0,quận 4,2.7
14.0,quận 4,2.6
22.0,quận 4,4.3
40.0,quận 4,4.5
16.0,quận 4,1.0
35.0,quận 4,9.0
16.0,quận 4,2.5
25.0,quận 4,5.0
20.0,quận 4,6.0
30.0,quận 4,7.0
20.0,quận 4,4.4
20.0,quận 4,1.0
40.0,quận 4,7.0
22.0,quận 4,1.5
20.0,quận 4,2.5
40.0,quận 4,5.5
32.0,quận 4,3.0
20.0,quận 4,2.2
9.0,quận 4,1.6
12.0,quận 4,1.6
36.0,quận 5,3.9
25.0,quận 5,2.9
23.0,quận 5,2.5
32.0,quận 5,4.6
12.0,quận 4,2.000002
25.0,quận 5,2.8
30.0,quận 4,3.8
10.0,quận 4,3.0
15.0,quận 4,3.5
9.0,quận 4,2.6
25.0,quận 4,3.6
20.0,quận 4,2.8
25.0,quận 4,2.2
25.0,quận 4,2.7
5.0,quận 4,1.4
15.0,quận 4,4.3
20.0,quận 4,1.3
40.0,quận 4,3.0
15.0,quận 4,2.8
20.0,quận 4,3.7
28.0,quận 4,3.5
24.0,quận 4,3.2
26.0,quận 4,4.0
15.0,quận 4,3.2
36.0,quận 4,4.0
24.0,quận 4,4.2
36.0,quận 4,4.5
35.0,quận 4,5.0
14.0,quận 4,2.0
10.0,quận 4,2.5
26.0,quận 4,2.8
36.0,quận 4,3.8
16.0,quận 4,3.3
25.0,quận 4,3.7
24.0,quận 4,3.3
20.0,quận 4,2.951
24.0,quận 4,3.5
38.0,quận 4,3.8
25.0,quận 4,3.9
25.0,quận 4,6.2
16.0,quận 4,1.3
18.0,quận 4,1.3
30.0,quận 4,3.7
20.0,quận 4,2.7
10.0,quận 4,2.6
20.0,quận 4,4.2
30.0,quận 4,4.2
24.0,quận 4,3.8
12.0,quận 4,1.7000000000000002
14.0,quận 4,2.5
12.0,quận 4,2.5
13.0,quận 4,3.2
26.0,quận 4,4.7
17.0,quận 4,4.8
30.0,quận 4,5.3
10.0,quận 4,2.2
36.0,quận 4,2.2
23.0,quận 4,2.1
37.0,quận 4,3.6
16.0,quận 4,1.8
30.0,quận 4,4.8
20.0,quận 4,1.6
22.0,quận 4,3.9
30.0,quận 4,1.7000000000000002
22.0,quận 4,4.5
12.0,quận 4,2.1
14.0,quận 4,3.0
13.5,quận 4,2.5
20.0,quận 4,3.2
18.0,quận 4,2.9
30.0,quận 4,2.5
16.0,quận 4,1.7000000000000002
25.0,quận 4,1.35
27.0,quận 4,5.0
10.0,quận 4,0.7000000000000001
25.0,quận 4,4.6
25.0,quận 4,2.4
18.0,quận 4,2.2
28.0,quận 4,3.3
11.0,quận 4,2.2
17.0,quận 4,2.5
13.0,quận 4,2.5
24.0,quận 4,2.8
9.0,quận 4,1.5
20.0,quận 4,3.65
18.0,quận 4,4.7
39.0,quận 4,4.0
18.0,quận 4,3.3
20.0,quận 4,2.3
27.0,quận 4,2.5
40.0,quận 4,5.0
20.0,quận 4,2.4
20.0,quận 4,1.8
21.0,quận 4,2.5
25.0,quận 4,3.3
18.0,quận 4,2.8
15.0,quận 4,1.8
10.0,quận 4,1.7000000000000002
20.0,quận 4,3.3
15.0,quận bình tân,0.8
15.0,quận bình tân,1.7000000000000002
35.0,quận bình tân,3.0
30.0,quận bình tân,4.0
20.0,quận bình tân,1.3
9.0,quận bình tân,2.5
12.0,quận bình tân,1.000002
25.0,quận 5,3.0
25.0,quận 5,6.0
20.0,quận 5,1.8
35.0,quận 5,3.5
16.0,quận 5,4.0
10.0,quận 5,2.5
30.0,quận 5,3.9
17.0,quận 5,3.8
27.0,quận 5,7.5
15.0,quận 5,1.0
12.0,quận 5,3.0
27.0,quận 5,4.8
22.0,quận 5,2.3
15.0,quận 5,2.05
10.0,quận 5,2.2
21.0,quận 5,2.5
27.0,quận 5,3.6
18.0,quận 5,3.5
22.0,quận 5,3.3
30.0,quận 5,8.5
9.0,quận 5,2.4
25.0,quận 5,3.6
16.0,quận 5,1.7000000000000002
28.0,quận 5,3.5
18.0,quận 5,4.5
12.0,quận 5,2.0
40.0,quận 5,6.0
16.0,quận 5,3.5
24.0,quận 5,5.5
20.0,quận 5,1.6
28.0,quận 5,6.0
35.0,quận 5,5.0
8.0,quận 5,1.5
6.0,quận 5,1.3
20.0,quận 5,4.7
26.0,quận 5,3.7
30.0,quận 5,2.5
28.0,quận 5,5.0
30.0,quận 5,5.4
20.0,quận 5,4.2
22.0,quận 5,4.5
24.0,quận 5,4.2
35.0,quận 5,7.0
18.0,quận 5,2.7
30.0,quận 5,1.5
12.0,quận bình tân,1.0
12.0,quận bình tân,0.8
16.0,quận bình tân,1.0
18.0,quận bình tân,1.3
10.0,quận bình tân,0.8
24.0,quận 5,5.0
22.0,quận 5,5.0
30.0,quận 5,2.0
25.0,quận 5,5.2
20.0,quận 5,3.3
20.0,quận 5,2.7
15.0,quận 5,0.9
26.0,quận 5,5.0
8.0,quận 5,1.0
11.0,quận 5,2.0
15.0,quận 5,1.6
16.0,quận 5,3.8
24.0,quận 5,2.5
14.0,quận 5,2.3
26.0,quận 5,3.5
15.0,quận 5,1.7000000000000002
15.0,quận bình tân,1.0
28.0,quận bình tân,1.5
30.0,quận bình tân,2.5
20.0,quận bình tân,3.3
12.0,quận bình tân,1.5
14.0,quận 6,1.5
20.0,quận 6,3.0
25.0,quận 6,2.5
30.0,quận 6,4.9
20.0,quận 6,2.0
25.0,quận 6,2.0
16.0,quận 8,2.0
24.0,quận 8,3.0
30.0,quận 8,3.5
9.0,quận 6,1.5
25.0,quận 6,3.3
25.0,quận 6,3.4
10.0,quận 6,1.2
20.0,quận 6,3.8
32.0,quận 8,2.7
20.0,quận 8,2.7
23.0,quận 8,2.5
35.0,quận 8,4.5
20.0,quận 6,1.9
14.0,quận 6,3.2
16.0,quận 8,4.0
16.0,quận 6,3.0
17.0,quận 6,3.2
12.0,quận 6,2.2
15.0,quận 6,2.4
12.0,quận 6,2.4
25.0,quận 6,1.8
20.0,quận 8,3.6
32.0,quận 8,3.1
30.0,quận 8,4.5
25.0,quận 8,4.0
20.0,quận 8,5.0
13.0,quận 8,1.3
25.0,quận 8,4.3
32.0,quận 8,4.0
20.0,quận 8,3.4
16.0,quận 8,1.9
30.0,quận 8,3.2
35.0,quận 8,5.1
30.0,quận 8,3.3
26.0,quận 8,2.8
10.0,quận 8,1.6
20.0,quận 8,3.8
9.0,quận 8,1.2
25.0,quận 8,3.8
15.0,quận 8,2.0
15.0,quận 8,1.8
25.0,quận 8,3.3
25.0,quận 8,4.2
30.0,quận 8,4.3
13.0,quận 8,1.2
35.0,quận 8,3.0
30.0,quận 8,4.0
18.0,quận 8,2.8
22.0,quận 8,2.0
28.0,quận 8,3.5
19.0,quận 8,3.7
12.0,quận 8,3.0
30.0,quận 8,2.8
35.0,quận 8,4.0
19.0,quận 8,2.0
20.0,quận 8,2.2
38.0,quận 8,3.5
25.0,quận 8,3.2
24.0,quận 8,2.2
12.0,quận 8,1.5
10.0,quận 8,1.5
30.0,quận 8,1.5
30.0,quận 8,2.5
25.0,quận 8,2.2
32.0,quận 8,2.0
18.0,quận 8,2.4
17.0,quận 8,1.5
18.0,quận 8,1.5
15.0,quận 8,1.6
25.0,quận 8,2.0
25.0,quận 8,1.7000000000000002
20.0,quận 8,1.6
25.0,quận 8,2.8
12.0,quận 8,3.5
13.0,quận 8,2.0
14.0,quận 8,2.5
30.0,quận 8,5.5
28.0,quận 8,2.5
16.0,quận 8,2.5
16.0,quận 8,2.6
15.0,quận 8,2.7
6.0,quận 8,1.0
22.0,quận 8,4.2
12.0,quận 8,1.4
25.0,quận 8,3.6
20.0,quận 8,3.2
20.0,quận 8,3.7
40.0,quận 8,5.0
25.0,quận 8,3.7
36.0,quận 8,5.5
16.0,quận 8,3.5
14.0,quận 8,1.8
28.0,quận 8,4.0
25.0,quận 8,2.7
10.0,quận 8,2.4
28.0,quận 8,4.7
30.0,quận 8,6.0
12.0,quận 8,1.9
12.0,quận 8,1.8
22.0,quận 8,2.4
12.0,quận 8,2.0
14.0,quận 8,2.0
21.0,quận 8,2.2
15.0,quận 8,2.5
25.0,quận 8,1.7970000000000002
30.0,quận 8,6.5
12.0,quận 8,0.65
16.0,quận 8,1.7000000000000002
12.0,quận 8,1.2
15.0,quận 8,2.2
15.0,quận 6,2.5
40.0,quận 8,3.8
16.0,quận 6,2.0
22.0,quận 6,3.8
25.0,quận 6,2.4
20.0,quận 8,1.9
10.0,quận 8,0.7000000000000001
12.0,quận 8,2.2
17.0,quận 8,2.2
30.0,quận 8,2.3
16.0,quận 8,1.5
22.0,quận 6,1.5
15.0,quận 6,1.5
24.0,quận 6,2.0
16.0,quận 6,2.2
21.0,quận 6,1.8
20.0,quận 6,2.8
12.0,quận 6,1.6
15.0,quận 6,2.0
13.0,quận 6,1.5
14.0,quận 6,1.9
30.0,quận 6,2.8
40.0,quận 6,7.5
32.0,quận 8,2.9
30.0,quận 8,1.8
9.0,quận 6,1.8
11.0,quận 6,1.0
10.0,quận 6,0.9
8.0,quận 6,1.3
33.0,quận 6,3.7
35.0,quận 6,3.7
10.0,quận 6,1.4
15.0,quận 6,2.6
15.0,quận 6,1.9
20.0,quận 6,2.2
10.0,quận 6,1.5
25.0,quận 6,4.3
20.0,quận 6,1.8
15.0,quận 6,2.2
25.0,quận 6,2.2
14.0,quận 6,2.2
22.0,quận 6,3.0
25.0,quận 6,2.3
16.0,quận 6,2.5
14.0,quận 6,3.0
24.0,quận 6,2.9
18.0,quận 6,2.0
15.0,quận 6,3.0
25.0,quận 6,4.0
24.0,quận 6,4.4
38.0,quận 6,3.0
22.0,quận 6,3.22
25.0,quận 6,3.01
10.0,quận 6,2.03
23.0,quận 6,3.9
10.0,quận 6,2.1
30.0,quận 6,4.5
14.0,quận 6,1.8
17.0,quận 6,3.0
20.0,quận 6,4.0
22.0,quận 6,3.9
30.0,quận 6,4.15
26.0,quận 6,3.0
29.0,quận 6,2.8
35.0,quận 6,2.7
16.0,quận 6,1.8
35.0,quận 6,2.6
24.0,quận 6,2.8
27.0,quận 6,3.0
9.0,quận 6,0.7000000000000001
25.0,quận 6,4.1
35.0,quận 6,4.1
28.0,quận 6,3.9
25.0,quận 6,3.6
35.0,quận 6,2.8
30.0,quận 6,2.6
30.0,quận 6,6.0
34.0,quận 6,2.8
14.0,quận 6,1.6
40.0,quận 6,2.6
25.0,quận 6,5.0
16.0,quận 6,2.9
40.0,quận 6,2.8
28.0,quận 6,3.8
30.0,quận 6,3.9
25.0,quận 6,4.2
25.0,quận 6,3.9
35.0,quận 6,3.5
8.0,quận 6,1.5
25.0,quận 6,2.7
10.6,quận 6,1.8
40.0,quận 6,7.0
30.0,quận 6,6.9
25.0,quận 6,2.8
9.0,quận 6,1.7000000000000002
35.0,quận 6,5.0
20.0,quận 6,2.9
24.0,quận 6,2.3
20.0,quận 6,4.2
22.0,quận 6,2.6
35.0,quận 11,4.5
10.0,quận 11,2.0
30.0,quận 11,3.0
28.0,quận 11,4.0
22.0,quận 11,3.0
13.0,quận 8,1.7000000000000002
35.0,quận 8,3.7
24.0,quận 8,4.2
23.0,quận 8,2.8
40.0,quận 8,5.5
24.0,quận 8,3.8
18.0,quận 8,2.5
22.0,quận 8,3.8
20.0,quận 8,4.0
37.0,quận 8,2.5
30.0,quận 8,6.1
25.0,quận 8,5.0
32.0,quận 8,4.5
31.0,quận 8,6.1
25.0,quận 8,6.1
30.0,quận 8,5.8
25.0,quận 8,4.8
25.0,quận 8,4.5
10.0,quận 8,1.2
35.0,quận 8,3.5
30.0,quận 8,3.6
28.0,quận 8,4.8
20.0,quận 8,4.2
27.0,quận 8,4.6
15.0,quận 8,3.0
25.0,quận 8,5.5
22.0,quận 8,3.0
25.0,quận 8,5.7
23.0,quận 8,3.5
12.0,quận 8,2.1
20.0,quận 8,4.8
24.0,quận 8,5.5
30.0,quận 8,5.0
28.0,quận 8,4.5
30.0,quận 8,4.2
30.0,quận 8,3.9
12.0,quận 8,2.8
15.0,quận 8,2.6
15.0,quận 8,1.9
15.0,quận 8,1.5
5.0,quận 8,1.3
10.0,quận 8,1.4
20.0,quận 8,1.7000000000000002
35.0,quận 8,2.3
20.0,quận 8,4.5
30.0,quận 8,5.7
23.0,quận 8,5.5
24.0,quận 8,3.9
21.0,quận 8,3.3
12.0,quận 8,2.7
24.0,quận 8,4.3
26.0,quận 8,5.0
35.0,quận 8,5.5
30.0,quận 8,5.3
12.0,quận 8,2.5
14.0,quận 8,3.2
35.0,quận 8,2.8
20.0,quận 11,3.0
40.0,quận 8,2.5
25.0,quận 11,3.0
25.0,quận 11,2.4
19.0,quận 11,3.0
25.0,quận 11,3.3
24.0,quận 11,2.6
20.0,quận 11,2.3
22.0,quận 11,2.0
22.0,quận 11,3.5
25.0,quận 11,3.8
16.0,quận 11,3.5
30.0,quận 11,2.7
23.0,quận 11,3.0
18.0,quận 11,2.6
18.0,quận 11,1.6
23.0,quận 11,2.8
30.0,quận 11,3.6
30.0,quận 11,3.7
15.0,quận 11,1.9
25.0,quận 11,2.6
20.0,quận 11,2.2
18.0,quận 11,2.2
20.0,quận 11,2.8
25.0,quận 11,3.5
25.0,quận 11,3.7
25.0,quận 11,2.3
25.0,quận 11,3.9
25.0,quận 3,3.3
20.0,quận 3,5.3
27.0,quận 3,5.0
19.0,quận 3,3.8
12.0,quận 3,2.5
10.0,quận phú nhuận,1.0
26.0,quận phú nhuận,5.5
12.0,quận phú nhuận,3.5
25.0,quận 3,5.3
20.0,quận 3,5.5
28.0,quận 3,6.3
15.0,quận 3,3.5
16.0,quận 3,3.4
27.0,quận 3,7.0
24.0,quận 3,6.0
22.0,quận phú nhuận,3.5
14.0,quận phú nhuận,2.8
12.0,quận phú nhuận,2.6
18.0,quận phú nhuận,2.3
20.0,quận 3,3.9
9.0,quận phú nhuận,2.0
11.0,quận phú nhuận,2.3
35.0,quận phú nhuận,3.8
18.0,quận phú nhuận,4.5
15.0,quận phú nhuận,2.0
25.0,quận phú nhuận,5.8
25.0,quận phú nhuận,6.5
38.0,quận phú nhuận,6.0
20.0,quận phú nhuận,2.2
25.0,quận phú nhuận,5.2
35.0,quận phú nhuận,4.0
12.0,quận 3,2.3
18.0,quận 3,3.0
40.0,quận 3,5.5
40.0,quận 3,5.0
22.0,quận 3,6.0
25.0,quận 3,6.0
18.0,quận 3,3.2
32.0,quận 3,4.5
30.0,quận 3,4.9
10.0,quận 3,1.5
24.0,quận 3,5.5
35.0,quận 3,4.5
16.0,quận 3,4.0
25.0,quận 3,3.0
35.0,quận 3,6.5
25.0,quận 3,3.9
20.0,quận 3,2.8
20.0,quận 3,3.0
20.0,quận 3,3.3
30.0,quận 3,7.5
25.0,quận 3,6.3
25.0,quận 3,6.5
27.0,quận 3,6.5
25.0,quận 3,5.0
25.0,quận 3,7.5
15.0,quận 3,4.5
30.0,quận phú nhuận,4.4
22.0,quận phú nhuận,4.3
30.0,quận phú nhuận,6.7
16.0,quận phú nhuận,1.8
28.0,quận phú nhuận,6.0
22.0,quận phú nhuận,4.0
14.0,quận phú nhuận,2.1
10.0,quận phú nhuận,2.8
20.0,quận phú nhuận,2.0
17.0,quận phú nhuận,4.0
30.0,quận phú nhuận,5.3
27.0,quận phú nhuận,4.5
27.0,quận phú nhuận,6.5
27.0,quận phú nhuận,4.0
20.0,quận phú nhuận,2.8
25.0,quận phú nhuận,4.8
30.0,quận phú nhuận,4.6
25.0,quận phú nhuận,3.3
20.0,quận phú nhuận,3.8
20.0,quận phú nhuận,1.8
22.0,quận phú nhuận,3.0
20.0,quận phú nhuận,2.3
34.0,quận phú nhuận,5.0
18.0,quận 3,2.0
25.0,quận 3,4.2
8.0,quận 3,1.5
24.0,quận 3,4.5
9.0,quận 3,1.0
25.0,quận 3,5.5
32.0,quận 3,5.7
30.0,quận 3,4.7
6.0,quận 3,1.2
35.0,quận phú nhuận,6.0
25.0,quận phú nhuận,3.8
14.0,quận 3,2.0
33.0,quận phú nhuận,8.5
24.0,quận 3,3.5
28.0,quận phú nhuận,6.5
20.0,quận phú nhuận,2.5
16.0,quận phú nhuận,3.3
40.0,quận phú nhuận,6.3
40.0,quận phú nhuận,3.75
20.0,quận phú nhuận,2.7
18.0,quận phú nhuận,2.8
22.0,quận phú nhuận,2.5
16.0,quận phú nhuận,2.2
30.0,quận phú nhuận,5.2
10.0,quận phú nhuận,1.5
20.0,quận phú nhuận,5.3
27.0,quận phú nhuận,6.0
32.0,quận phú nhuận,5.0
30.0,quận phú nhuận,4.5
18.0,quận phú nhuận,4.2
24.0,quận phú nhuận,2.4
16.0,quận phú nhuận,2.9
25.0,quận phú nhuận,2.3
30.0,quận phú nhuận,3.8
22.0,quận phú nhuận,4.4
28.0,quận phú nhuận,4.5
32.0,quận phú nhuận,3.5
25.0,quận phú nhuận,3.9
32.0,quận phú nhuận,5.7
25.0,quận phú nhuận,3.6
20.0,quận phú nhuận,4.8
18.0,quận phú nhuận,4.3
20.0,quận phú nhuận,4.3
20.0,quận phú nhuận,1.5
25.0,quận phú nhuận,2.8
38.0,quận phú nhuận,5.0
23.0,quận phú nhuận,5.0
24.0,quận phú nhuận,3.5
15.0,quận phú nhuận,1.7000000000000002
30.0,quận phú nhuận,4.2
16.0,quận phú nhuận,3.2
20.0,quận phú nhuận,4.1
16.0,quận phú nhuận,3.5
30.0,quận phú nhuận,5.7
26.0,quận phú nhuận,4.5
16.0,quận phú nhuận,2.6
24.0,quận phú nhuận,3.1
18.0,quận phú nhuận,3.2
14.0,quận phú nhuận,3.0
20.0,quận phú nhuận,2.9
16.0,quận phú nhuận,2.7
16.0,quận phú nhuận,2.0
11.0,quận phú nhuận,1.7000000000000002
40.0,quận phú nhuận,7.0
40.0,quận phú nhuận,4.5
10.0,quận phú nhuận,2.2
17.0,quận phú nhuận,3.5
20.0,quận phú nhuận,3.9
24.0,quận phú nhuận,4.0
12.0,quận phú nhuận,3.2
20.0,quận phú nhuận,3.7
16.0,quận phú nhuận,2.3
25.0,quận phú nhuận,3.7
28.0,quận phú nhuận,3.3
24.0,quận phú nhuận,2.8
16.0,quận phú nhuận,2.5
6.0,quận phú nhuận,1.0
18.0,quận phú nhuận,2.9
12.0,quận phú nhuận,1.9
23.0,quận 3,5.0
28.0,quận phú nhuận,5.5
20.0,quận 3,2.6
20.0,quận 3,5.2
14.0,quận 3,2.5
22.0,quận 3,4.0
28.0,quận 3,6.5
30.0,quận 3,5.5
28.0,quận 3,5.0
10.0,quận 3,1.7000000000000002
15.0,quận 3,2.0
20.0,quận 3,1.7000000000000002
18.0,quận 3,2.9
28.0,quận 3,3.0
15.0,quận 3,3.0
30.0,quận 3,3.5
15.0,quận 3,1.5
15.0,quận 3,2.5
16.0,quận 3,2.5
14.0,quận 3,2.6
14.0,quận 3,1.95
15.0,quận 3,2.8
25.0,quận 3,4.9
25.0,quận 3,3.4
30.0,quận 3,4.0
8.0,quận 3,1.2
26.0,quận 3,4.0
20.0,quận 3,5.85
10.0,quận 3,2.5
21.0,quận 3,3.5
26.0,quận 3,5.5
14.0,quận 3,2.8
15.0,quận 3,2.7
17.0,quận 3,1.2
18.0,quận 3,3.8
20.0,quận 3,4.2
10.0,quận 3,2.0
9.0,quận 3,1.2
15.0,quận 3,2.3
14.0,quận 3,1.8
20.0,quận 3,1.5
25.0,quận 3,6.8
25.0,quận 3,7.0
20.0,quận 3,3.2
28.0,quận 3,7.0
22.0,quận 3,4.5
15.0,quận 3,4.0
35.0,quận 3,8.0
20.0,quận 3,1.8
32.0,quận 3,6.2
20.0,quận 3,5.0
25.0,quận 3,7.2
32.0,quận 3,5.0
17.0,quận 3,4.0
17.0,quận 3,4.2
22.0,quận 3,4.9
22.0,quận 3,5.0
28.0,quận 3,3.5
18.0,quận 3,5.2
16.0,quận 3,4.5
12.0,quận 3,3.0
27.0,quận 3,4.5
30.0,quận 3,1.5
24.0,quận 3,4.0
23.0,quận 3,4.0
16.0,quận 3,2.0
19.0,quận 3,3.5
25.0,quận 3,3.7
24.0,quận 3,5.0
25.0,quận 3,4.7
25.0,quận 3,4.8
17.0,quận 3,3.0
40.0,quận 3,5.9
28.0,quận 3,5.5
25.0,quận 3,5.7
25.0,quận 3,2.8
16.0,quận 3,1.9
12.0,quận 3,2.2
35.0,quận 3,3.0
8.0,quận 3,2.0
25.0,quận 3,3.6
34.0,quận 3,7.5
26.0,quận 3,6.0
10.0,quận 3,2.3
25.0,quận 3,4.999
30.0,quận 3,3.8
20.0,quận 3,4.3
20.0,quận 3,2.9
18.0,quận 3,2.8
8.0,quận 3,1.3
15.0,quận 3,2.2
28.0,quận 3,6.0
20.0,quận 3,4.8
14.0,quận 3,3.5
10.0,quận 3,2.4
35.0,quận 3,7.5
35.0,quận 3,6.0
22.0,quận 3,3.8
25.0,quận 3,3.8
12.0,quận 3,1.0
26.0,quận 3,2.5
18.0,quận 3,2.5
14.0,quận 3,3.2
25.0,quận 3,2.5
30.0,quận 3,8.0
20.0,quận 3,2.4
35.0,quận 3,7.0
35.0,quận 3,6.8
30.0,quận 3,5.2
21.0,quận 3,4.0
22.0,quận 3,4.7
28.0,quận 3,3.3
30.0,quận 3,7.0
18.0,quận 3,2.2
28.0,quận 3,4.7
25.0,quận 3,4.3
32.0,quận 3,2.3
18.0,quận 3,2.7
35.0,quận 3,3.3
17.0,quận 3,1.7000000000000002
15.0,quận 3,1.4
28.0,quận 3,2.5
40.0,quận 3,6.5
25.0,quận 3,2.9
27.0,quận 3,6.8
30.0,quận 3,4.2
28.0,quận 3,4.9
30.0,quận 3,5.6
40.0,quận 3,3.4
22.0,quận 3,2.5
5.2,quận 3,0.9
30.0,quận 3,4.8
22.0,quận 3,2.8
10.0,quận 3,1.8
9.0,quận 3,1.3
16.0,quận 3,3.6
26.0,quận 3,4.5
17.0,quận 3,2.0
15.0,quận 3,2.4
30.0,quận gò vấp,3.8
25.0,quận gò vấp,4.0
12.0,quận gò vấp,2.2
30.0,quận gò vấp,5.1
15.0,quận gò vấp,1.8
30.0,quận gò vấp,4.0
28.0,quận gò vấp,4.0
12.0,quận gò vấp,1.2
20.0,quận gò vấp,2.5
19.0,quận gò vấp,4.0
16.0,quận gò vấp,2.2
25.0,quận gò vấp,3.5
20.0,quận gò vấp,3.6
28.0,quận gò vấp,3.89
25.0,quận gò vấp,4.1
26.0,quận gò vấp,3.2
21.0,quận gò vấp,3.2
20.0,quận gò vấp,3.3
30.0,quận gò vấp,3.0
30.0,quận gò vấp,3.5
18.0,quận gò vấp,2.65
28.0,quận gò vấp,3.1
30.0,quận gò vấp,2.0
25.0,quận gò vấp,3.0
15.0,quận gò vấp,2.6
22.0,quận gò vấp,3.0
22.0,quận gò vấp,3.5
25.0,quận gò vấp,2.5
20.0,quận gò vấp,2.9
18.0,quận gò vấp,3.5
25.0,quận gò vấp,3.2
30.0,quận gò vấp,1.55
30.0,quận gò vấp,4.5
40.0,quận gò vấp,4.0
15.0,quận gò vấp,2.4
15.0,quận gò vấp,2.2
18.0,quận gò vấp,3.1
20.0,quận gò vấp,2.7
28.0,quận gò vấp,4.5
20.0,quận gò vấp,2.8
24.0,quận gò vấp,1.9
20.0,quận gò vấp,3.8
22.0,quận gò vấp,3.8
28.0,quận gò vấp,3.0
20.0,quận gò vấp,3.2
18.0,quận gò vấp,3.6
30.0,quận gò vấp,2.4
25.0,quận gò vấp,2.8
20.0,quận gò vấp,3.9
24.0,quận gò vấp,3.2
24.0,quận gò vấp,3.0
24.0,quận gò vấp,2.5
30.0,quận gò vấp,3.9
30.0,quận gò vấp,5.25
20.0,quận gò vấp,3.5
25.0,quận gò vấp,3.3
21.0,quận gò vấp,2.3
12.0,quận gò vấp,1.5
28.0,quận gò vấp,3.6
40.0,quận gò vấp,5.0
25.0,quận gò vấp,3.1
30.0,quận gò vấp,2.5
40.0,quận gò vấp,5.5
20.0,quận gò vấp,2.0
40.0,quận gò vấp,3.4
25.0,quận gò vấp,2.9
30.0,quận gò vấp,3.2
22.0,quận gò vấp,2.7
18.0,quận gò vấp,2.0
15.0,quận gò vấp,2.3
35.0,quận gò vấp,3.5
22.0,quận gò vấp,2.6
30.0,quận gò vấp,2.8
20.0,quận gò vấp,2.3
29.0,quận gò vấp,3.5
18.0,quận gò vấp,2.8
20.0,quận gò vấp,1.9
40.0,quận gò vấp,7.0
30.0,quận gò vấp,4.3
28.0,quận gò vấp,3.7
30.0,quận gò vấp,1.666666
35.0,quận gò vấp,4.2
25.0,quận gò vấp,3.6
22.0,quận gò vấp,2.9
30.0,quận gò vấp,6.0
25.0,quận gò vấp,3.7
12.0,quận gò vấp,3.0
12.0,quận gò vấp,2.5
28.0,quận gò vấp,2.4
25.0,quận gò vấp,6.7
30.0,quận gò vấp,6.8
25.0,quận gò vấp,4.3
30.0,quận gò vấp,3.7
20.0,quận gò vấp,3.7
17.0,quận gò vấp,1.8
20.0,quận gò vấp,4.5
25.0,quận gò vấp,2.7
26.0,quận gò vấp,6.0
25.0,quận gò vấp,4.2
30.0,quận gò vấp,4.2
16.0,quận gò vấp,3.3
25.0,quận gò vấp,4.4
26.0,quận gò vấp,4.2
22.0,quận gò vấp,4.5
30.0,quận gò vấp,3.999999
28.0,quận gò vấp,2.6
20.0,quận gò vấp,4.0
27.0,quận gò vấp,5.5
22.0,quận gò vấp,2.3
18.0,quận gò vấp,3.8
12.0,quận gò vấp,2.4
24.0,quận gò vấp,4.0
25.0,quận gò vấp,3.8
18.0,quận gò vấp,3.0
15.0,quận gò vấp,2.5
35.0,quận gò vấp,4.0
16.0,quận gò vấp,2.5
40.0,quận gò vấp,3.8
14.0,quận gò vấp,2.0
35.0,quận gò vấp,7.5
40.0,quận gò vấp,3.5
30.0,quận gò vấp,1.7000000000000002
30.0,quận gò vấp,4.7
25.0,quận gò vấp,4.5
15.0,quận gò vấp,1.7000000000000002
30.0,quận gò vấp,5.5
29.0,quận gò vấp,3.8
27.0,quận gò vấp,5.0
28.0,quận gò vấp,4.9
40.0,quận gò vấp,4.3
26.0,quận gò vấp,4.7
35.0,quận gò vấp,3.0
25.0,quận gò vấp,4.6
18.0,quận gò vấp,3.7
15.0,quận gò vấp,3.2
28.0,quận gò vấp,4.3
10.0,quận gò vấp,2.0
25.0,quận gò vấp,5.8
25.0,quận gò vấp,5.0
20.0,quận gò vấp,3.0
40.0,quận gò vấp,2.2
20.0,quận gò vấp,3.4
20.0,quận gò vấp,1.2
10.0,quận gò vấp,1.5
12.0,quận gò vấp,2.0
15.0,quận gò vấp,1.5
26.0,quận gò vấp,2.5
16.0,quận gò vấp,2.0
12.0,quận gò vấp,2.3
30.0,quận gò vấp,5.0
27.0,quận gò vấp,4.8
26.0,quận gò vấp,4.6
35.0,quận gò vấp,5.0
20.0,quận gò vấp,2.2
24.0,quận gò vấp,3.5
20.0,quận gò vấp,3.1
22.0,quận gò vấp,2.5
20.0,quận gò vấp,2.4
14.0,quận gò vấp,1.8
18.0,quận gò vấp,1.6
15.0,quận gò vấp,2.0
20.0,quận gò vấp,2.6
16.0,quận gò vấp,2.3
20.0,quận gò vấp,1.5
22.0,quận gò vấp,4.2
27.0,quận gò vấp,3.8
10.0,quận gò vấp,1.1
27.0,quận gò vấp,4.2
28.0,quận gò vấp,3.9
25.0,quận gò vấp,3.9
26.0,quận gò vấp,3.8
35.0,quận gò vấp,4.4
20.0,quận gò vấp,5.0
29.0,quận gò vấp,4.3
25.0,quận gò vấp,2.3
30.0,quận gò vấp,3.3
22.0,quận gò vấp,3.4
30.0,quận gò vấp,3.6
28.0,quận gò vấp,4.6
24.0,quận gò vấp,2.7
28.0,quận gò vấp,3.4
25.0,quận gò vấp,4.7
25.0,quận gò vấp,3.4
25.0,quận gò vấp,2.6
29.0,quận gò vấp,3.2
18.0,quận gò vấp,2.2
28.0,quận gò vấp,3.5
18.0,quận gò vấp,1.9
24.0,quận gò vấp,2.2
24.0,quận gò vấp,3.3
40.0,quận gò vấp,4.8
22.0,quận gò vấp,4.3
30.0,quận gò vấp,3.1
26.0,quận gò vấp,3.3
27.0,quận gò vấp,2.999
35.0,quận gò vấp,9.5
28.0,quận gò vấp,5.0
40.0,quận gò vấp,5.4
29.0,quận gò vấp,3.9
26.0,quận gò vấp,3.7
30.0,quận gò vấp,5.8
35.0,quận gò vấp,5.8
30.0,quận gò vấp,5.7
32.0,quận gò vấp,5.0
22.0,quận gò vấp,3.6
18.0,quận gò vấp,2.6
18.0,quận gò vấp,2.5
35.0,quận gò vấp,1.8
20.0,quận gò vấp,1.8
40.0,quận gò vấp,4.2
24.0,quận gò vấp,2.8
25.0,quận gò vấp,2.4
26.0,quận gò vấp,3.5
27.0,quận gò vấp,3.2
24.0,quận gò vấp,2.9
22.0,quận gò vấp,3.7
22.0,quận gò vấp,2.4
28.0,quận gò vấp,3.2
22.0,quận gò vấp,2.8
19.0,quận gò vấp,2.8
30.0,quận gò vấp,2.9
20.0,quận gò vấp,4.8
15.0,quận gò vấp,1.6
15.0,quận gò vấp,2.7
28.0,quận gò vấp,2.8
35.0,quận gò vấp,3.9
25.0,quận gò vấp,2.2
35.0,quận gò vấp,3.8
35.0,quận gò vấp,4.7
20.0,quận gò vấp,4.7
18.0,quận gò vấp,2.7
33.0,quận gò vấp,4.8
28.0,quận gò vấp,3.3
26.0,quận gò vấp,5.0
25.0,quận gò vấp,3.65
27.0,quận gò vấp,3.9
30.0,quận gò vấp,4.8
40.0,quận gò vấp,2.8
20.0,quận gò vấp,4.2
34.0,quận gò vấp,4.0
25.0,quận gò vấp,1.8
8.0,quận gò vấp,1.0
25.0,quận gò vấp,6.5
28.0,quận gò vấp,6.9
8.0,quận phú nhuận,2.3
27.0,quận phú nhuận,5.2
35.0,quận phú nhuận,6.5
11.0,quận phú nhuận,1.8
25.0,quận phú nhuận,3.2
15.0,quận phú nhuận,2.9
40.0,quận phú nhuận,6.0
17.0,quận phú nhuận,2.8
28.0,quận phú nhuận,5.0
24.0,quận phú nhuận,4.5
18.0,quận phú nhuận,4.0
24.0,quận phú nhuận,4.8
19.0,quận phú nhuận,4.5
25.0,quận phú nhuận,4.9
22.0,quận phú nhuận,3.1
35.0,quận phú nhuận,5.5
15.0,quận phú nhuận,2.7
28.0,quận phú nhuận,5.2
20.0,quận phú nhuận,3.2
22.0,quận phú nhuận,5.0
40.0,quận phú nhuận,6.5
15.0,quận gò vấp,3.5
23.0,quận gò vấp,3.3
28.0,quận phú nhuận,4.8
10.0,quận phú nhuận,3.0
18.0,quận phú nhuận,2.7
18.0,quận gò vấp,1.8
21.0,quận gò vấp,3.5
28.0,quận gò vấp,2.5
16.0,quận gò vấp,2.9
27.0,quận gò vấp,4.5
13.0,quận phú nhuận,1.8
14.0,quận phú nhuận,2.5
40.0,quận phú nhuận,5.0
30.0,quận phú nhuận,5.8
23.0,quận gò vấp,3.4
17.0,quận gò vấp,3.5
20.0,quận gò vấp,5.5
20.0,quận phú nhuận,3.4
18.0,quận phú nhuận,4.7
20.0,quận phú nhuận,5.2
20.0,quận phú nhuận,1.7000000000000002
18.0,quận phú nhuận,3.3
24.0,quận phú nhuận,3.2
22.0,quận phú nhuận,3.3
30.0,quận phú nhuận,2.5
25.0,quận phú nhuận,6.4
21.0,quận phú nhuận,4.8
35.0,quận phú nhuận,4.8
28.0,quận phú nhuận,6.8
15.0,quận phú nhuận,3.7
28.0,quận phú nhuận,4.2
18.0,quận phú nhuận,3.9
25.0,quận phú nhuận,2.5
24.0,quận phú nhuận,3.7
16.0,quận phú nhuận,2.8
17.0,quận phú nhuận,3.0
28.0,quận phú nhuận,5.6
24.0,quận phú nhuận,4.1
25.0,quận phú nhuận,4.1
40.0,quận phú nhuận,6.2
22.0,quận phú nhuận,4.7
32.0,quận phú nhuận,5.2
40.0,quận phú nhuận,5.2
25.0,quận 12,2.8
25.0,quận 12,3.0
30.0,quận 12,2.8
35.0,quận 12,2.6
25.0,quận 12,3.4
30.0,quận 12,4.0
25.0,quận 12,4.0
20.0,quận 12,2.0
22.0,quận 12,3.2
25.0,quận 12,3.6
28.0,quận 12,3.0
28.0,quận 12,3.4
28.0,quận 12,3.8
22.0,quận 12,2.0
20.0,quận 12,1.8
40.0,quận 1,6.0
20.0,quận 12,1.5
15.0,quận 1,3.5
18.0,quận 12,2.4
25.0,quận 12,2.7
22.0,quận 12,3.0
25.0,quận 12,2.9
30.0,quận 12,2.5
20.0,quận 1,3.6
19.0,quận 1,3.5
25.0,quận 1,5.5
25.0,quận 1,6.5
20.0,quận 1,4.0
30.0,quận 1,3.7
18.0,quận 12,2.2
17.0,quận 12,1.8
25.0,quận 12,2.3
26.0,quận 12,2.8
12.0,quận 12,1.4
15.0,quận 12,1.8
30.0,quận 12,3.4
13.0,quận 12,2.4
14.0,quận 12,1.6
40.0,quận 12,2.4
18.0,quận 12,2.6
20.0,quận 12,2.5
16.0,quận 12,1.9
20.0,quận 12,1.0
24.0,quận 1,4.0
16.0,quận 1,4.0
15.0,quận 12,1.5
15.0,quận 1,3.8
16.0,quận 1,2.75
40.0,quận 1,5.0
25.0,quận 1,6.0
15.0,quận 1,1.5
16.0,quận 12,1.6
30.0,quận 12,1.5
17.0,quận 12,1.7000000000000002
25.0,quận 12,1.7000000000000002
20.0,quận 12,1.7000000000000002
24.0,quận 12,1.9
16.0,quận 12,1.4
25.0,quận 12,2.0
18.0,quận 12,1.6
20.0,quận 12,3.5
20.0,quận 12,1.2
26.0,quận 12,3.1
36.0,quận 12,3.6
25.0,quận 12,3.3
23.0,quận 12,2.1
35.0,quận 12,2.8
24.0,quận 12,3.2
15.0,quận 12,1.6
15.0,quận 12,2.3
30.0,quận 12,4.5
35.0,quận 12,4.0
20.0,quận 12,2.3
25.0,quận 12,3.2
20.0,quận 12,3.0
25.0,quận 12,3.8
25.0,quận 12,1.8
22.0,quận 12,3.4
20.0,quận 1,4.5
28.0,quận 1,4.3
30.0,quận 1,5.0
35.0,quận 1,5.0
25.0,quận 1,3.5
35.0,quận 1,4.0
25.0,quận 1,4.2
12.0,quận 1,3.0
12.0,quận 1,3.1
15.0,quận 1,4.5
20.0,quận 12,2.8
22.0,quận 12,1.9
24.0,quận 12,2.7
12.0,quận 1,1.5
30.0,quận 1,4.0
18.0,quận 1,3.0
22.0,quận 1,5.2
22.0,quận 1,3.8
22.0,quận 1,4.2
20.0,quận 1,3.7
24.0,quận 1,5.0
16.0,quận 1,3.5
25.0,quận 1,5.0
20.0,quận 1,5.5
22.0,quận 1,6.0
24.0,quận 1,1.5
20.0,quận 1,3.8
30.0,quận 1,4.5
16.0,quận 1,3.2
30.0,quận 1,4.9
30.0,quận 1,5.5
18.0,quận 1,3.5
22.0,quận 1,4.5
24.0,quận 1,5.2
25.0,quận 1,3.3
40.0,quận 12,7.0
25.0,quận 1,4.9
18.0,quận 12,2.5
40.0,quận 12,3.0
18.0,quận 1,2.8
12.0,quận 1,3.5
16.0,quận 1,4.5
25.0,quận 1,4.5
20.0,quận 1,3.2
15.0,quận 12,1.2
16.0,quận 12,1.8
15.0,quận 12,1.7000000000000002
14.0,quận 12,1.0
12.0,quận 12,1.2
15.0,quận 12,1.4
15.0,quận 12,1.3
12.0,quận 12,1.3
26.0,quận 12,2.5
20.0,quận 12,1.1
14.0,quận 12,1.2
5.0,quận 12,1.5
35.0,quận 1,4.5
18.0,quận 1,4.0
30.0,quận 1,6.0
16.0,quận 1,4.8
25.0,quận 1,4.7
26.0,quận 1,7.5
25.0,quận 1,4.0
30.0,quận 12,3.5
20.0,quận 1,3.5
12.0,quận 12,1.0
16.0,quận 12,1.5
16.0,quận 12,1.0
20.0,quận 12,2.65
15.0,quận 1,3.0
33.0,quận 1,7.0
12.0,quận 1,2.5
20.0,quận 1,2.0
20.0,quận 1,4.8
21.0,quận 1,4.0
30.0,quận 1,7.5
16.0,quận 12,1.3
12.5,quận 12,2.5
14.0,quận 12,1.8
35.0,quận 1,7.5
18.0,quận 12,1.5
22.0,quận 1,4.0
30.0,quận 1,2.5
20.0,quận 1,3.3
21.0,quận 1,3.5
32.0,quận 1,5.0
35.0,quận 1,7.0
25.0,quận 1,2.8
23.0,quận 1,4.5
15.0,quận 1,2.5
28.0,quận 1,5.5
25.0,quận 1,2.0
28.0,quận 1,2.5
20.0,quận 1,2.5
15.0,quận 1,2.6
25.0,quận 1,5.6
20.0,quận 1,2.7
15.0,quận 1,3.7
20.0,quận 1,1.8
18.0,quận 1,4.7
10.0,quận 1,2.8
35.0,quận 1,6.0
28.0,quận 1,5.0
20.0,quận 1,1.1
35.0,quận 1,4.8
17.0,quận 1,4.5
35.0,quận 1,5.2
16.0,quận 1,2.9
20.0,quận 1,3.0
25.0,quận 1,3.0
16.0,quận 1,2.5
19.0,quận 1,3.3
24.0,quận 1,4.5
20.0,quận 1,5.0
12.0,quận 1,2.3
30.0,quận 1,6.5
20.0,quận 1,3.4
30.0,quận 1,3.5
18.0,quận 1,4.5
25.0,quận 1,4.3
25.0,quận 1,3.8
25.0,quận 1,4.8
25.0,quận 1,1.7000000000000002
17.0,quận 1,3.0
40.0,quận 1,4.0
24.0,quận 1,3.5
35.0,quận 1,5.5
20.0,quận 1,4.3
22.0,quận 1,4.8
30.0,quận 1,5.2
18.0,quận 1,3.2
23.0,quận 12,2.3
23.0,quận 12,3.8
18.0,quận 12,2.0
28.0,quận 12,2.2
15.0,quận 12,2.0
40.0,quận 12,2.8
23.0,quận 12,3.2
23.0,quận 12,4.2
23.0,quận 12,3.0
35.0,quận 12,2.2
12.0,quận 12,1.5
30.0,quận 12,4.99
20.0,quận 12,1.3
28.0,quận 12,3.2
40.0,quận 12,4.0
20.0,quận 12,3.8
27.0,quận 12,1.8
20.0,quận 12,3.2
23.0,quận 12,3.1
20.0,quận 12,1.4
28.0,quận 12,2.6
25.0,quận 12,2.6
22.0,quận 12,2.6
25.0,quận 12,2.5
30.0,quận 12,4.2
12.0,quận 12,0.8
21.0,quận 12,1.7000000000000002
30.0,quận 12,3.0
24.0,quận 12,3.0
14.0,quận 12,2.0
30.0,quận 12,3.2
25.0,quận 12,1.9
12.0,quận 12,2.4
15.0,quận 12,2.4
40.0,quận 12,2.9
25.0,quận 12,2.4
35.0,quận 12,2.9
24.0,quận 12,2.6
30.0,quận 12,2.3
25.0,quận 12,1.6
20.0,quận 12,2.6
28.0,quận 12,2.5
23.0,quận 12,2.7
23.0,quận 12,2.5
30.0,quận 12,1.6
30.0,quận 12,1.8
11.0,quận 12,1.3
16.0,quận 12,1.7000000000000002
32.0,quận 12,3.3
18.0,quận 12,2.9
15.0,quận 12,1.0
18.0,quận 12,2.1
18.0,quận 12,1.8
30.0,quận 12,5.0
25.0,quận 12,1.3
35.0,quận 12,3.2
17.0,quận 12,1.4
27.0,quận 12,2.2
22.0,quận 12,2.7
14.0,quận 12,1.4
20.0,quận 12,5.5
6.0,quận 12,1.7000000000000002
20.0,quận 12,1.6
22.0,quận 12,1.8
18.0,quận 12,1.3
25.0,quận 12,3.5
23.0,quận 12,3.5
28.0,quận 12,3.5
28.0,quận 12,3.3
26.0,quận 12,3.4
10.0,quận 12,1.5
40.0,quận 12,3.2
18.0,quận 12,1.2
35.0,quận 12,2.5
20.0,quận 12,2.1
9.0,quận 12,1.8
25.0,quận 12,2.1
18.0,quận 12,1.4
16.0,quận 12,2.5
27.0,quận 12,2.3
17.0,quận 12,2.0
40.0,quận 12,2.2
18.0,quận 12,1.7000000000000002
16.0,quận 12,2.2
40.0,quận 12,4.9
30.0,quận 12,4.9
38.0,quận 12,5.4
40.0,quận 12,4.8
40.0,quận 12,5.5
27.0,quận 12,3.3
20.0,quận 12,2.7
16.0,quận 12,2.0
20.0,quận 12,2.9
21.0,quận 12,3.0
23.0,quận 12,2.8
25.0,quận 12,4.8
20.0,quận 12,2.2
20.0,quận 12,1.9
17.0,quận 12,1.6
26.0,quận 12,2.0
15.0,quận 12,2.7
30.0,quận 12,3.3
35.0,quận 12,3.8
30.0,quận 12,3.8
15.0,quận gò vấp,3.0
24.0,quận gò vấp,4.2
15.0,quận gò vấp,1.9
40.0,quận gò vấp,9.5
12.0,quận gò vấp,0.9
18.0,quận gò vấp,4.5
38.0,quận gò vấp,5.0
23.0,quận gò vấp,3.5
20.0,quận gò vấp,4.6
17.0,quận gò vấp,2.8
12.0,quận gò vấp,3.3
16.0,quận gò vấp,3.7
15.0,quận 1,3.9
15.0,quận 1,2.0
27.0,quận 7,3.7
26.0,quận 7,3.5
28.0,quận 7,3.8
28.0,quận 7,4.0
25.0,quận 10,3.0
24.0,quận 10,3.5
22.0,quận 10,4.0
10.0,quận 10,1.8
20.0,quận 10,4.0
15.0,quận 10,2.0
20.0,quận 10,3.7
20.0,quận 10,5.0
20.0,quận 10,3.5
33.0,quận 7,3.0
8.0,quận 7,1.7000000000000002
15.0,quận 7,3.0
25.0,quận 10,5.5
19.0,quận 10,3.8
30.0,quận 10,5.5
12.0,quận 10,2.5
12.0,quận 10,2.9
20.0,quận 10,1.9
17.0,quận 10,2.0
12.0,quận 10,3.2
20.0,quận 10,4.5
16.0,quận 10,2.2
15.0,quận 10,0.9
15.0,quận 10,2.4
15.0,quận 10,2.5
28.0,quận 10,4.6
25.0,quận 10,4.2
18.0,quận 10,2.9
27.0,quận 10,2.7
12.0,quận 10,2.2
21.0,quận 10,3.5
20.0,quận 10,3.0
40.0,quận 10,4.2
35.0,quận 10,6.2
25.0,quận 10,3.6
24.0,quận 10,2.8
18.0,quận 10,2.7
30.0,quận 10,3.3
12.0,quận 10,1.2
6.0,quận 10,0.846
15.0,quận 10,3.0
35.0,quận 10,4.5
12.0,quận 10,0.9
35.0,quận 10,4.0
30.0,quận 10,2.8
10.0,quận 10,2.3
25.0,quận 10,5.2
15.0,quận 7,2.2
25.0,quận 7,3.3
15.0,quận 7,1.9
35.0,quận 10,5.0
10.0,quận 10,2.0
22.0,quận 7,3.8
20.0,quận 7,3.9
10.0,quận 7,1.5
20.0,quận 1,4.7
40.0,quận 1,5.5
26.0,quận 1,2.6
15.0,quận 10,3.5
30.0,quận 1,6.3
18.0,quận 10,2.0
17.0,quận 10,2.6
18.0,quận 10,3.5
20.0,quận 10,2.8
25.0,quận 10,5.0
28.0,quận 10,3.5
14.0,quận 10,4.0
25.0,quận 10,3.3
12.0,quận 1,1.2
15.0,quận 10,3.8
18.0,quận 1,4.8
32.0,quận 1,8.0
36.0,quận 1,6.0
24.0,quận 1,4.2
30.0,quận 1,7.0
12.0,quận 1,2.0
20.0,quận 1,5.8
35.0,quận 10,8.0
25.0,quận 10,5.3
25.0,quận 10,4.5
20.0,quận 10,4.2
20.0,quận 10,5.4
25.0,quận 10,4.3
22.0,quận 10,5.2
18.0,quận 10,3.0
15.0,quận 10,1.7000000000000002
32.0,quận 10,4.0
17.0,quận 10,3.5
24.0,quận 10,4.3
8.0,quận 10,1.7000000000000002
26.0,quận 10,2.5
30.0,quận 10,4.3
30.0,quận 10,4.0
30.0,quận 10,6.0
9.0,quận 10,1.8
17.0,quận 10,5.0
11.0,quận 10,2.4
30.0,quận 10,7.0
20.0,quận 10,3.3
20.0,quận 10,1.0
30.0,quận 10,4.4
10.0,quận 10,1.6
12.0,quận 10,2.8
22.0,quận 10,4.8
20.0,quận 10,5.2
12.0,quận 10,1.6
32.0,quận 10,4.5
8.0,quận 10,1.0
36.0,quận 10,3.0
10.0,quận 10,1.9
30.0,quận 10,6.7
35.0,quận 10,6.5
30.0,quận 10,4.6
25.0,quận 10,4.8
10.0,quận 10,1.4
18.0,quận 10,2.3
19.0,quận 10,2.9
30.0,quận 10,3.5
25.0,quận 10,6.5
15.0,quận 10,2.6
25.0,quận 10,4.9
30.0,quận 10,5.4
18.0,quận 10,5.0
24.0,quận 10,3.8
35.0,quận 10,5.6
22.0,quận 10,4.5
35.0,quận 10,9.5
28.0,quận 10,5.7
17.0,quận 10,2.2
18.0,quận 10,2.6
28.0,quận 10,4.7
25.0,quận 10,1.5
25.0,quận 10,3.5
20.0,quận 10,1.5
10.0,quận 10,1.000004
18.0,quận 10,2.8
18.0,quận 10,1.7000000000000002
27.0,quận 10,6.0
28.0,quận 10,4.5
12.0,quận 10,3.0
18.0,quận 10,3.2
30.0,quận 10,5.2
15.0,quận 10,2.8
24.0,quận 10,4.0
30.0,quận 10,6.5
22.0,quận 10,5.0
28.0,quận 10,6.0
24.0,quận 10,1.5
27.0,quận 10,1.6
18.0,quận 10,2.5
36.0,quận 10,1.8
24.0,quận 10,6.0
25.0,quận 10,5.8
24.0,quận 7,4.5
20.0,quận 10,4.8
11.0,quận 10,2.0
15.0,quận 10,1.2
32.0,quận 10,4.7
38.0,quận 10,4.5
25.0,quận 7,4.2
28.0,quận 7,3.7
22.0,quận 7,4.2
25.0,quận 7,1.7000000000000002
40.0,quận 7,5.0
20.0,quận 7,2.9
30.0,quận 7,6.0
15.0,quận 7,2.7
32.0,quận 7,4.5
25.0,quận 10,4.7
30.0,quận 10,1.6
35.0,quận 10,6.8
35.0,quận 7,4.2
25.0,quận 7,5.3
11.0,quận 7,2.5
20.0,quận 7,3.8
35.0,quận 7,5.0
35.0,quận 7,8.5
35.0,quận 7,6.8
20.0,quận 7,2.3
10.0,quận 7,2.3
10.0,quận 7,2.35
25.0,quận 7,2.0
10.0,quận 7,2.0
12.0,quận 7,1.7000000000000002
35.0,quận 7,3.3
8.0,quận 7,1.6
30.0,quận 7,3.0
22.0,quận 1,5.5
40.0,quận 1,2.0
12.0,quận 7,2.5
18.0,quận 7,2.4
28.0,quận 7,5.0
30.0,quận 1,4.3
22.0,quận 1,6.5
12.0,quận 1,2.6
40.0,quận 1,2.2
23.0,quận 7,3.5
25.0,quận 7,3.9
28.0,quận 7,4.3
22.0,quận 7,3.2
40.0,quận 1,8.0
12.0,quận 1,3.2
38.0,quận 1,4.0
22.0,quận 1,3.2
13.0,quận 7,2.3
20.0,quận 7,1.5
21.0,quận 7,4.7
20.0,quận 7,5.0
18.0,quận 7,2.7
15.0,quận 7,1.8
25.0,quận 7,3.4
24.0,quận 7,3.5
18.0,quận 7,4.9
30.0,quận 7,2.8
32.0,quận 7,3.7
22.0,quận 7,4.7
17.0,quận 7,3.1
23.0,quận 7,5.0
22.0,quận 7,3.5
23.0,quận 7,4.5
16.0,quận 7,3.5
33.0,quận 7,5.0
30.0,quận 7,1.6
13.0,quận 7,2.0
16.0,quận 7,2.8
26.0,quận 7,4.5
28.0,quận 7,2.5
15.0,quận 7,3.2
18.0,quận 7,3.2
18.0,quận 7,4.5
27.0,quận 7,4.5
9.0,quận 7,1.8
10.0,quận 7,1.7000000000000002
25.0,quận 7,5.2
35.0,quận 7,4.5
16.0,quận 7,1.8
20.0,quận 1,2.8
17.0,quận 7,2.7
30.0,quận 7,3.8
12.0,quận 7,1.8
12.0,quận 7,3.0
24.0,quận 7,4.0
30.0,quận 7,4.6
35.0,quận 7,4.0
11.0,quận 1,1.7000000000000002
40.0,quận 1,2.5
16.0,quận 1,3.6
20.0,quận 1,4.2
30.0,quận 1,8.0
20.0,quận 1,3.9
40.0,quận 1,3.5
35.0,quận 1,6.8
16.0,quận 1,4.7
28.0,quận 1,6.0
35.0,quận 1,2.1
40.0,quận 1,6.5
30.0,quận 1,4.2
40.0,quận 1,9.0
28.0,quận 1,4.2
20.0,quận 7,3.4
14.0,quận 7,2.3
25.0,quận 7,2.4
12.0,quận 7,2.3
24.0,quận 7,3.8
26.0,quận 7,3.7
26.0,quận 7,3.4
30.0,quận 1,1.6
29.0,quận 1,5.5
12.0,quận 1,1.8
13.0,quận 10,2.5
26.0,quận 9,2.2
25.0,quận 9,2.0
30.0,quận 9,2.2
27.0,quận 9,4.3
18.0,quận 9,3.0
30.0,quận 9,2.5
21.0,quận 9,1.4
20.0,quận 9,2.0
25.0,quận 9,3.2
40.0,quận 9,6.0
20.0,quận 9,2.8
25.0,quận 9,2.1
25.0,quận 9,3.5
20.0,quận 9,2.5
23.0,quận 9,1.9
20.0,quận 9,2.3
26.0,quận 9,3.3
25.0,quận 9,2.3
25.0,quận 9,6.0
30.0,quận 9,3.5
25.0,quận 9,5.0
23.0,quận 9,4.5
20.0,quận 9,3.0
25.0,quận 9,3.0
18.0,quận 9,2.5
30.0,quận 9,5.5
15.0,quận 9,2.3
20.0,quận 9,3.3
23.0,quận 9,3.0
20.0,quận 9,1.5
25.0,quận 9,1.9
20.0,quận 9,2.2
30.0,quận 9,3.9
20.0,quận 9,1.9
24.0,quận 9,5.0
30.0,quận 9,3.7
30.0,quận 9,4.0
25.0,quận 9,3.4
15.0,quận 9,2.0
22.0,quận 9,2.7
24.0,quận 9,2.5
20.0,quận 9,1.8
16.0,quận 9,2.0
30.0,quận 9,4.5
18.0,quận 9,2.7
21.0,quận 9,2.5
30.0,quận 10,2.0
15.0,quận 10,1.6
22.0,quận 9,3.2
35.0,quận 10,2.8
10.0,quận 10,1.5
15.0,quận 10,1.5
8.0,quận 10,1.4
40.0,quận 10,3.8
20.0,quận 10,4.7
32.0,quận 10,6.0
38.0,quận 10,4.0
15.0,quận 10,3.2
34.0,quận 10,5.0
25.0,quận 9,2.5
20.0,quận 9,1.4
20.0,quận 9,2.7
30.0,quận 9,3.0
20.0,quận 9,3.5
30.0,quận 9,1.5
20.0,quận 9,4.0
15.0,quận 9,2.5
30.0,quận bình tân,2.2
18.5,quận bình tân,1.8
20.0,quận bình tân,3.0
28.0,quận bình tân,2.3
24.0,quận bình tân,3.8
25.0,quận bình tân,2.5
15.0,quận bình tân,2.5
22.0,quận bình tân,2.8
22.0,quận bình tân,3.5
15.0,quận bình tân,1.2
24.0,quận bình tân,3.5
20.0,quận bình tân,2.3
25.0,quận bình tân,3.0
30.0,quận bình tân,3.3
25.0,quận bình tân,3.1
25.0,quận bình tân,2.6
20.0,quận bình tân,3.1
18.0,quận bình tân,2.6
25.0,quận bình tân,4.0
20.0,quận bình tân,1.6
24.0,quận bình tân,1.7000000000000002
25.0,quận bình tân,2.3
26.0,quận bình tân,2.3
20.0,quận bình tân,5.0
25.0,quận bình tân,3.5
40.0,quận bình tân,4.5
25.0,quận 9,2.7
35.0,quận 9,3.0
23.0,quận 9,2.7
30.0,quận 9,3.2
16.0,quận 9,1.5
22.0,quận 9,1.8
20.0,quận 9,3.2
35.0,quận 9,3.8
18.0,quận 9,1.8
35.0,quận 9,2.5
25.5,quận 9,2.0
15.0,quận 9,2.6
15.0,quận 9,1.7000000000000002
12.0,quận 9,2.0
25.0,quận 9,1.6
18.0,quận 9,2.0
38.0,quận 9,2.9
24.0,quận 9,1.6
25.0,quận 9,1.5
19.0,quận 9,2.5
20.0,quận 9,1.7000000000000002
22.0,quận 9,2.5
24.0,quận 9,2.3
28.0,quận 9,1.6
35.0,quận 9,2.8
24.0,quận 9,2.1
26.0,quận 9,1.9
16.0,quận 9,2.2
10.0,quận 9,1.4
23.0,quận 9,2.2
30.0,quận 9,1.8
40.0,quận 9,4.0
20.0,quận 9,3.7
30.0,quận 9,3.3
27.0,quận 9,1.5
18.0,quận 9,1.5
14.0,quận 9,1.8
17.0,quận 9,2.4
10.0,quận 10,1.7000000000000002
7.0,quận 10,0.65
14.0,quận 10,1.5
12.0,quận 10,1.4
17.0,quận 9,2.5
22.0,quận 9,2.6
30.0,quận 9,2.0
27.0,quận 9,2.0
28.0,quận 9,2.0
20.0,quận 9,1.6
35.0,quận 9,2.0
24.0,quận 9,3.5
28.0,quận 9,3.0
10.0,quận 9,2.2
25.0,quận 9,2.4
27.0,quận 9,2.2
25.0,quận 9,2.2
20.0,quận 9,2.1
35.0,quận 9,2.4
15.0,quận 9,1.5
17.0,quận 9,1.6
15.0,quận 9,1.6
12.0,quận 9,1.55
25.0,quận 9,4.5
25.0,quận 9,2.6
24.0,quận 9,2.4
18.0,quận 9,2.3
17.0,quận 9,5.1
18.0,quận 9,1.6
15.0,quận 9,1.8
20.0,quận 9,2.6
27.0,quận 9,4.5
25.0,quận 9,3.3
12.0,quận 9,1.0
25.0,quận 9,2.8
22.0,quận 9,3.0
17.0,quận 9,4.0
25.0,quận 9,4.7
25.0,quận 9,4.3
28.0,quận 9,4.3
35.0,quận 9,4.3
12.0,quận 9,2.5
30.0,quận 9,4.2
30.0,quận 9,4.7
20.0,quận 9,4.7
15.0,quận 9,2.2
22.0,quận 9,2.1
30.0,quận 9,3.6
28.0,quận 9,3.6
35.0,quận 9,3.5
18.0,quận 9,1.7000000000000002
25.0,quận 9,4.1
16.0,quận 9,2.6
20.0,quận 9,3.6
25.0,quận 9,4.2
35.0,quận 9,4.0
30.0,quận 9,3.1
40.0,quận 9,3.3
40.0,quận 9,3.1
25.0,quận 9,3.6
26.0,quận 9,3.0
18.0,quận 9,2.777
40.0,quận 9,3.9
24.0,quận 9,1.7000000000000002
30.0,quận 9,3.8
10.0,quận 9,2.5
25.0,quận 9,3.1
15.0,quận 9,2.8
14.0,quận 9,0.8
25.0,quận 9,1.4
34.0,quận 9,4.377
34.0,quận 9,4.877
30.0,quận 9,3.4
30.0,quận 9,4.577
16.0,quận 9,1.4
22.0,quận 9,1.2
36.0,quận 9,4.0
34.0,quận 9,3.6
25.0,quận 9,1.3
14.0,quận 9,1.5
25.0,quận 9,2.9
15.0,quận 9,4.0
16.0,quận 9,1.65
15.0,quận 9,3.3
12.0,quận 9,1.35
16.0,quận 9,1.2
20.0,quận 9,1.3
20.0,quận 9,1.0
18.0,quận 9,1.2
19.0,quận 9,1.5
24.0,quận 9,1.9
40.0,quận 9,3.5
25.0,quận 9,3.499
24.0,quận 9,4.5
12.0,quận 9,1.4
22.0,quận 9,4.0
23.0,quận 9,2.0
18.0,quận 9,2.6
15.0,quận 10,1.8
16.0,quận 10,3.0
14.0,quận 10,2.5
22.0,quận 10,2.0
31.0,quận 10,4.0
31.0,quận 10,6.3
5.0,quận 10,1.0
25.0,quận 10,3.2
18.0,quận 10,3.3
18.0,quận 9,3.1
8.0,quận 9,2.0
35.0,quận 9,3.1
22.0,quận 9,3.5
15.0,quận 9,1.3
12.0,quận 9,1.5
35.0,quận 9,2.2
18.0,quận 9,1.9
40.0,quận 9,3.6
29.0,quận 9,3.5
9.0,quận 10,1.7000000000000002
32.0,quận 10,3.0
40.0,quận 10,3.0
40.0,quận 10,5.0
12.0,quận 10,2.0
30.0,quận 10,4.7
16.0,quận 10,2.6
15.0,quận 10,4.0
21.0,quận 10,3.9
6.0,quận 10,1.8
20.0,quận 10,3.2
24.0,quận 10,3.9
11.0,quận 10,2.1
28.0,quận 10,3.0
23.0,quận 10,3.0
14.0,quận 10,2.4
14.0,quận 10,1.7000000000000002
18.0,quận 10,2.4
23.0,quận 10,4.0
30.0,quận 10,3.2
32.0,quận 10,7.0
12.0,quận 10,1.0
22.0,quận 10,2.9
22.0,quận 10,3.0
25.0,quận 10,2.7
20.0,quận 10,6.0
26.0,quận 10,4.0
28.0,quận 10,3.2
10.0,quận 10,0.9
16.0,quận 10,1.6
16.0,quận 10,1.5
9.0,quận 10,2.0
14.0,quận 10,3.6
18.0,quận 10,3.4
32.0,quận 10,2.8
17.0,quận 10,3.0
10.0,quận 10,1.3
40.0,quận 10,2.5
16.0,quận 10,3.5
10.0,quận 10,1.0
12.0,quận 10,1.8
12.0,quận 10,1.3
20.0,quận 10,2.1
10.0,quận 10,2.5
35.0,quận 10,7.5
35.0,quận 10,5.8
22.0,quận 10,3.5
22.0,quận 10,4.2
25.0,quận bình tân,2.7
30.0,quận bình tân,3.6
30.0,quận bình tân,2.8
20.0,quận bình tân,2.8
30.0,quận bình thạnh,4.5
25.0,quận bình thạnh,4.5
20.0,quận bình thạnh,4.8
16.0,quận bình thạnh,2.5
30.0,quận bình thạnh,6.8
30.0,quận bình thạnh,6.0
25.0,quận bình thạnh,4.6
28.0,quận bình tân,3.8
15.0,quận bình tân,1.5
26.0,quận bình thạnh,5.6
22.0,quận bình thạnh,5.1
30.0,quận bình thạnh,3.6
20.0,quận bình thạnh,3.7
14.0,quận bình thạnh,2.0
20.0,quận bình thạnh,3.0
18.0,quận bình thạnh,2.5
35.0,quận bình thạnh,4.5
32.0,quận bình thạnh,3.4
18.0,quận bình thạnh,2.3
25.0,quận bình thạnh,4.2
20.0,quận bình thạnh,3.2
16.0,quận bình thạnh,3.7
8.0,quận bình thạnh,0.8
20.0,quận bình thạnh,2.7
25.0,quận bình thạnh,5.3
20.0,quận bình thạnh,4.2
25.0,quận bình thạnh,5.0
20.0,quận bình thạnh,4.5
30.0,quận bình thạnh,6.5
28.0,quận bình thạnh,4.2
25.0,quận bình thạnh,3.6
25.0,quận bình thạnh,4.7
20.0,quận bình thạnh,2.0
20.0,quận bình thạnh,1.5
22.0,quận bình thạnh,3.8
25.0,quận bình thạnh,3.5
24.0,quận bình thạnh,1.6
7.0,quận bình thạnh,2.0
30.0,quận bình thạnh,5.5
18.0,quận bình thạnh,3.3
25.0,quận bình thạnh,4.8
30.0,quận bình thạnh,2.0
17.0,quận bình thạnh,3.5
28.0,quận bình thạnh,1.5
29.0,quận bình thạnh,3.5
35.0,quận bình thạnh,6.2
30.0,quận bình thạnh,6.3
25.0,quận bình thạnh,5.5
40.0,quận bình thạnh,5.85
16.0,quận bình thạnh,2.9
22.0,quận bình thạnh,3.5
30.0,quận bình thạnh,5.9
22.0,quận bình thạnh,3.6
20.0,quận bình thạnh,3.5
20.0,quận bình thạnh,3.4
20.0,quận bình thạnh,5.5
10.0,quận bình thạnh,1.9
20.0,quận bình thạnh,1.3
40.0,quận bình thạnh,3.0
28.0,quận bình thạnh,5.0
25.0,quận bình thạnh,6.5
20.0,quận bình thạnh,4.0
25.0,quận bình thạnh,5.8
25.0,quận bình thạnh,3.3
37.0,quận bình thạnh,2.7
30.0,quận bình thạnh,4.6
12.0,quận bình thạnh,2.0
18.0,quận bình thạnh,3.0
16.0,quận bình thạnh,1.5
30.0,quận bình thạnh,3.5
24.0,quận bình thạnh,3.0
25.0,quận bình thạnh,4.0
26.0,quận bình thạnh,5.0
22.0,quận bình thạnh,4.0
13.0,quận bình thạnh,1.2
32.0,quận bình thạnh,3.8
35.0,quận bình thạnh,10.0
25.0,quận bình thạnh,3.8
16.0,quận bình thạnh,2.0
25.0,quận bình thạnh,4.9
14.0,quận bình thạnh,2.3
25.0,quận bình thạnh,6.0
27.0,quận bình thạnh,4.5
30.0,quận bình thạnh,5.8
15.0,quận bình thạnh,1.6
30.0,quận bình thạnh,3.3
10.0,quận bình thạnh,1.2
35.0,quận bình thạnh,3.8
25.0,quận bình thạnh,2.9
17.0,quận bình tân,1.7000000000000002
30.0,quận bình tân,2.3
12.0,quận bình tân,1.6
14.0,quận bình tân,1.3
27.0,quận bình tân,3.4
18.0,quận bình tân,1.5
15.0,quận bình tân,1.8
14.0,quận bình tân,2.2
30.0,quận bình tân,2.500009
14.0,quận bình tân,1.5
27.0,quận bình thạnh,5.0
25.0,quận bình thạnh,6.3
26.0,quận bình thạnh,5.2
30.0,quận bình thạnh,3.4
15.0,quận bình tân,2.9
40.0,quận bình thạnh,6.8
25.0,quận bình thạnh,2.7
20.0,quận bình thạnh,1.8
40.0,quận bình thạnh,6.0
28.0,quận bình thạnh,6.5
20.0,quận bình tân,2.9
27.0,quận bình tân,1.8
30.0,quận bình tân,3.8
24.0,quận bình tân,1.9
35.0,quận bình thạnh,6.5
25.0,quận bình tân,3.8
16.0,quận bình tân,2.7
16.0,quận bình thạnh,3.0
30.0,quận bình thạnh,3.2
12.0,quận bình thạnh,2.3
20.0,quận bình thạnh,2.5
25.0,quận bình thạnh,2.6
10.0,quận bình thạnh,1.1
26.0,quận bình thạnh,6.0
10.0,quận bình thạnh,1.7000000000000002
30.0,quận bình thạnh,2.5
22.0,quận bình thạnh,5.0
20.0,quận bình thạnh,2.9
30.0,quận bình thạnh,3.0
40.0,quận bình thạnh,4.5
12.0,quận bình thạnh,3.2
30.0,quận bình thạnh,4.2
25.0,quận bình thạnh,3.2
18.0,quận bình thạnh,5.0
28.0,quận bình thạnh,6.0
15.0,quận bình thạnh,2.5
25.0,quận bình thạnh,1.6
35.0,quận bình thạnh,6.3
27.0,quận bình thạnh,2.7
30.0,quận bình thạnh,4.0
14.0,quận bình thạnh,3.5
26.0,quận bình thạnh,3.5
30.0,quận bình thạnh,5.0
18.0,quận bình thạnh,1.8
40.0,quận bình thạnh,2.5
13.0,quận bình thạnh,2.6
20.0,quận bình thạnh,5.0
28.0,quận bình thạnh,4.5
40.0,quận bình thạnh,7.5
17.0,quận bình thạnh,1.7000000000000002
15.0,quận bình thạnh,2.7
12.0,quận bình thạnh,1.3
25.0,quận bình thạnh,3.7
20.0,quận bình thạnh,1.4
25.0,quận bình thạnh,2.0
20.0,quận bình thạnh,4.9
22.0,quận bình thạnh,3.3
25.0,quận bình thạnh,4.3
35.0,quận bình thạnh,5.8
22.0,quận bình thạnh,4.9
18.0,quận bình thạnh,2.8
28.0,quận bình thạnh,4.95
15.0,quận bình thạnh,2.2
40.0,quận bình thạnh,9.0
12.0,quận bình thạnh,3.5
15.0,quận bình thạnh,3.8
10.0,quận bình thạnh,1.0
20.0,quận bình thạnh,3.6
16.0,quận bình thạnh,3.5
15.0,quận bình thạnh,3.6
15.0,quận bình thạnh,3.0
16.0,quận bình thạnh,4.0
18.0,quận bình thạnh,3.1
35.0,quận bình thạnh,5.5
40.0,quận bình thạnh,5.0
18.0,quận bình thạnh,3.5
20.0,quận bình thạnh,1.7000000000000002
23.0,quận bình thạnh,3.0
40.0,quận bình thạnh,7.0
22.0,quận bình thạnh,4.5
30.0,quận bình thạnh,5.4
15.0,quận bình thạnh,3.4
23.0,quận bình thạnh,5.2
18.0,quận bình thạnh,4.0
18.0,quận bình thạnh,3.7
35.0,quận bình thạnh,7.5
23.0,quận bình thạnh,4.0
28.0,quận bình thạnh,5.1
40.0,quận bình thạnh,2.4
16.0,quận bình thạnh,4.2
14.0,quận bình thạnh,1.8
30.0,quận bình thạnh,4.9
28.0,quận bình thạnh,3.5
17.0,quận bình thạnh,3.9
20.0,quận bình thạnh,4.6
15.0,quận bình thạnh,1.0
26.0,quận bình thạnh,3.8
38.0,quận bình thạnh,6.2
30.0,quận bình thạnh,3.8
35.0,quận bình thạnh,4.2
35.0,quận bình thạnh,3.0
9.0,quận bình thạnh,1.5
30.0,quận bình thạnh,5.2
20.0,quận bình thạnh,3.3
22.0,quận bình thạnh,4.6
18.0,quận bình thạnh,4.8
30.0,quận bình thạnh,4.8
32.0,quận bình thạnh,5.5
26.0,quận bình thạnh,4.0
22.0,quận bình thạnh,3.9
16.0,quận bình thạnh,4.5
25.0,quận bình thạnh,3.0
12.0,quận bình thạnh,1.5
17.0,quận bình thạnh,4.6
20.0,quận bình thạnh,3.8
25.0,quận bình thạnh,2.8
40.0,quận bình thạnh,3.5
18.0,quận bình thạnh,4.5
6.0,quận bình thạnh,1.5
35.0,quận bình thạnh,5.9
18.0,quận bình thạnh,1.9
22.0,quận bình thạnh,2.5
35.0,quận bình thạnh,5.3
6.0,quận bình thạnh,1.6
12.0,quận bình thạnh,1.7000000000000002
17.0,quận bình thạnh,2.0
26.0,quận bình thạnh,5.8
18.0,quận bình thạnh,3.2
15.0,quận bình thạnh,3.7
15.0,quận bình thạnh,3.2
40.0,quận bình thạnh,7.9
12.0,quận bình thạnh,3.0
27.0,quận bình thạnh,3.5
10.0,quận bình thạnh,2.5
22.0,quận bình thạnh,2.8
10.0,quận bình thạnh,1.4
27.0,quận bình thạnh,3.8
20.0,quận bình thạnh,1.6
26.0,quận bình thạnh,3.3
26.0,quận bình thạnh,3.4
15.0,quận bình thạnh,2.4
20.0,quận bình thạnh,3.9
10.0,quận bình thạnh,1.8
12.0,quận bình thạnh,2.4
28.0,quận bình thạnh,3.8
18.0,quận bình thạnh,4.9
24.0,quận bình thạnh,5.0
14.0,quận bình thạnh,3.8
16.0,quận bình thạnh,3.1
15.0,quận bình thạnh,1.5
30.0,quận bình thạnh,2.6
30.0,quận bình thạnh,1.5
30.0,quận bình thạnh,5.499
25.0,quận bình thạnh,3.9
20.0,quận bình thạnh,2.2
18.0,quận bình thạnh,3.6
15.0,quận bình thạnh,4.2
20.0,quận bình thạnh,4.7
12.0,quận bình thạnh,1.8
22.0,quận bình thạnh,5.5
28.0,quận bình thạnh,4.8
25.0,quận bình thạnh,1.3
15.0,quận bình thạnh,1.9
15.0,quận bình thạnh,4.0
16.0,quận bình thạnh,3.6
16.0,quận bình thạnh,3.2
40.0,quận bình thạnh,6.9
24.0,quận bình thạnh,2.0
20.0,quận bình thạnh,2.6
20.0,quận bình thạnh,2.8
40.0,quận bình thạnh,5.5
9.0,quận bình thạnh,1.7000000000000002
25.0,quận bình thạnh,3.4
28.0,quận bình tân,2.1
20.0,quận bình tân,3.5
25.0,quận bình tân,3.3
18.0,quận bình tân,2.5
29.0,quận bình tân,4.0
20.0,quận bình tân,2.7
28.0,quận bình tân,2.8
26.0,quận bình tân,3.5
12.0,quận bình tân,1.9
28.0,quận bình tân,3.5
35.0,quận bình tân,3.1
30.0,quận bình tân,3.1
26.0,quận bình tân,3.6
26.0,quận bình tân,2.5
15.0,quận bình tân,3.0
20.0,quận bình tân,3.6
16.0,quận bình tân,2.5
16.0,quận bình thạnh,1.9
23.0,quận bình thạnh,2.2
25.0,quận bình thạnh,1.5
12.0,quận bình thạnh,0.6000000000000001
25.0,quận bình thạnh,2.5
30.0,quận bình thạnh,1.7000000000000002
18.0,quận bình thạnh,2.1
15.0,quận bình tân,3.3
25.0,quận bình tân,3.2
23.0,quận bình thạnh,2.4
24.0,quận bình thạnh,2.5
24.0,quận bình thạnh,1.8
32.0,quận bình thạnh,5.2
25.0,quận bình tân,3.7
16.0,quận bình tân,2.0
16.0,quận bình tân,1.6
22.0,quận bình tân,3.9
22.0,quận bình tân,2.7
15.0,quận bình tân,1.4
20.0,quận bình tân,2.6
14.0,quận bình tân,1.8
12.0,quận bình tân,1.3
40.0,quận bình tân,4.0
16.0,quận bình tân,1.9
30.0,quận bình tân,3.2
10.0,quận bình tân,1.0
22.0,quận bình tân,1.7000000000000002
15.0,quận bình tân,1.9
21.0,quận bình tân,2.1
26.0,quận bình tân,2.2
26.0,quận bình tân,3.2
17.0,quận bình tân,1.4
14.0,quận bình tân,1.6
28.0,quận bình tân,2.2
24.0,quận bình tân,2.2
22.0,quận bình tân,1.8
25.0,quận bình tân,3.6
22.0,quận bình tân,2.3
15.0,quận bình tân,2.3
23.0,quận bình tân,2.3
25.0,quận bình tân,2.1
30.0,quận bình tân,1.7000000000000002
20.0,quận bình tân,1.4
25.0,quận bình tân,1.8
23.0,quận bình tân,2.999999
20.0,quận bình tân,1.9
35.0,quận bình tân,1.9
22.0,quận bình tân,1.5
18.0,quận bình tân,2.4
24.0,quận bình tân,2.7
24.0,quận bình tân,2.5
20.0,quận bình tân,2.4
25.0,quận bình tân,2.0
24.0,quận bình tân,2.4
25.0,quận bình tân,2.4
27.0,quận bình tân,4.2
27.0,quận bình tân,4.0
27.0,quận bình tân,3.8
26.0,quận bình tân,4.0
30.0,quận bình tân,4.2
11.0,quận bình tân,1.3
25.0,quận bình tân,1.6
25.0,quận bình tân,3.9
22.0,quận bình tân,3.3
35.0,quận bình thạnh,5.999
33.0,quận bình thạnh,3.0
35.0,quận bình thạnh,3.6
30.0,quận tân bình,4.5
20.0,quận tân bình,4.5
18.0,quận tân bình,4.3
30.0,quận tân bình,4.0
25.0,quận tân bình,3.7
22.0,quận tân bình,3.5
30.0,quận bình thạnh,4.4
28.0,quận tân bình,4.0
30.0,quận tân bình,3.4
35.0,quận tân bình,3.7
25.0,quận tân bình,3.5
20.0,quận tân bình,3.5
23.0,quận tân bình,3.7
16.0,quận tân bình,4.5
25.0,quận tân bình,4.2
25.0,quận tân bình,4.5
20.0,quận tân bình,4.2
25.0,quận tân bình,4.0
9.0,quận tân bình,1.5
12.0,quận tân bình,1.6
30.0,quận tân bình,4.59
30.0,quận tân bình,3.2
25.0,quận tân bình,3.3
22.0,quận tân bình,3.2
30.0,quận tân bình,3.5
30.0,quận tân bình,5.0
22.0,quận tân bình,2.0
23.0,quận tân bình,3.3
12.0,quận tân bình,1.8
32.0,quận tân bình,4.0
40.0,quận tân bình,4.8
12.0,quận tân bình,2.5
18.0,quận tân bình,2.2
15.0,quận tân bình,3.9
20.0,quận tân bình,2.5
20.0,quận tân bình,1.8
30.0,quận tân bình,3.8
25.0,quận tân bình,3.8
28.0,quận bình thạnh,4.0
29.0,quận tân bình,4.0
20.0,quận tân bình,4.0
29.0,quận tân bình,2.8
25.0,quận tân bình,4.1
33.0,quận tân bình,4.5
20.0,quận tân bình,4.1
20.0,quận tân bình,3.0
20.0,quận tân bình,2.6
20.0,quận tân bình,2.7
32.0,quận tân bình,3.0
22.0,quận tân bình,4.2
15.0,quận tân bình,3.3
16.0,quận tân bình,2.5
18.0,quận tân bình,2.8
28.0,quận tân bình,2.5
35.0,quận tân bình,6.0
15.0,quận tân bình,1.8
25.0,quận tân bình,4.8
28.0,quận tân bình,3.5
18.0,quận tân bình,3.5
35.0,quận tân bình,5.0
19.0,quận tân bình,1.1
20.0,quận tân bình,2.3
20.0,quận tân bình,1.1
18.0,quận tân bình,3.3
18.0,quận tân bình,2.5
12.0,quận tân bình,2.2
40.0,quận tân bình,4.5
28.0,quận tân bình,5.5
28.0,quận tân bình,4.3
12.0,quận tân bình,1.7000000000000002
28.0,quận tân bình,3.6
40.0,quận tân bình,7.0
18.0,quận tân bình,3.0
10.0,quận tân bình,1.6
15.0,quận tân bình,2.5
26.0,quận tân bình,3.9
35.0,quận tân bình,5.5
26.0,quận tân bình,3.6
28.0,quận tân bình,3.3
33.0,quận tân bình,3.4
20.0,quận tân bình,3.2
22.0,quận tân bình,4.5
16.0,quận tân bình,2.4
29.0,quận tân bình,3.4
25.0,quận tân bình,3.2
30.0,quận tân bình,6.0
25.0,quận tân bình,2.0
28.0,quận tân bình,5.2
30.0,quận tân bình,2.6
16.0,quận tân bình,1.2
30.0,quận tân bình,3.0
23.0,quận tân bình,5.0
16.0,quận tân bình,2.6
25.0,quận tân bình,5.0
25.0,quận tân bình,2.8
20.0,quận tân bình,5.5
25.0,quận tân bình,5.5
25.0,quận tân bình,5.4
20.0,quận tân bình,5.4
30.0,quận tân bình,3.7
33.0,quận tân bình,3.2
26.0,quận tân bình,4.3
18.0,quận tân bình,3.6
15.0,quận tân bình,3.0
22.0,quận tân bình,3.0
21.0,quận tân bình,2.7
28.0,quận tân bình,4.5
24.8,quận tân bình,2.8
25.0,quận tân bình,3.0
15.0,quận tân bình,2.4
27.0,quận tân bình,4.0
35.0,quận tân bình,6.5
20.0,quận tân bình,2.0
10.0,quận tân bình,1.8
27.0,quận tân bình,4.3
16.0,quận tân bình,2.8
35.0,quận tân bình,4.5
12.0,quận tân bình,2.0
30.0,quận tân bình,5.3
25.0,quận tân bình,3.9
20.0,quận tân bình,5.0
30.0,quận tân bình,3.9
18.0,quận tân bình,1.9
38.0,quận tân bình,4.0
16.0,quận tân bình,3.5
27.0,quận tân bình,5.0
20.0,quận tân bình,6.0
14.0,quận tân bình,1.9
30.0,quận tân bình,4.3
18.0,quận tân bình,2.7
20.0,quận tân bình,2.99
20.0,quận tân bình,3.4
35.0,quận tân bình,2.5
10.0,quận tân bình,1.5
12.0,quận tân bình,2.000005
25.0,quận tân bình,2.5
22.0,quận tân bình,3.8
28.0,quận tân bình,2.6
24.0,quận tân bình,3.5
22.0,quận tân bình,2.8
16.0,quận tân bình,2.0
28.0,quận tân bình,5.0
21.0,quận tân bình,3.0
30.0,quận tân bình,2.0
12.0,quận tân bình,1.5
20.0,quận tân bình,3.6
23.0,quận tân bình,2.5
25.0,quận tân bình,4.4
28.0,quận tân bình,2.8
25.0,quận tân bình,4.6
26.0,quận tân bình,4.6
15.0,quận tân bình,2.3
15.0,quận tân bình,2.0
25.0,quận tân bình,2.7
15.0,quận tân bình,1.5
20.0,quận tân bình,2.2
22.0,quận tân bình,4.0
20.0,quận tân bình,3.3
22.0,quận tân bình,5.0
28.0,quận tân bình,6.95
15.0,quận tân bình,4.0
20.0,quận tân bình,3.7
27.0,quận tân bình,3.0
16.0,quận tân bình,2.1
28.0,quận tân bình,2.0
25.0,quận tân bình,1.5
20.0,quận tân bình,4.3
28.0,quận tân bình,6.0
11.0,quận tân bình,2.2
12.0,quận tân bình,2.6
10.0,quận tân bình,1.0
27.0,quận tân bình,4.5
28.0,quận tân bình,3.0
10.0,quận tân bình,2.4
10.0,quận tân bình,2.0
18.0,quận tân bình,4.5
20.0,quận tân bình,4.8
12.0,quận tân bình,0.8
22.0,quận tân bình,5.5
25.0,quận tân bình,4.3
8.0,quận tân bình,2.0
25.0,quận tân bình,6.0
40.0,quận tân bình,8.5
16.0,quận tân bình,3.0
25.0,quận tân bình,4.9
16.0,quận tân bình,4.0
28.0,quận tân bình,4.7
9.0,quận tân bình,1.2
30.0,quận tân bình,4.95
30.0,quận tân bình,4.8
12.0,quận tân bình,2.3
24.0,quận tân bình,3.0
30.0,quận tân bình,4.7
20.0,quận tân bình,1.3
40.0,quận tân bình,6.0
30.0,quận tân bình,4.2
27.0,quận tân bình,3.2
32.0,quận tân bình,4.5
22.0,quận tân bình,2.6
30.0,quận tân bình,3.6
40.0,quận tân bình,5.5
15.0,quận tân bình,3.5
30.0,quận tân bình,2.2
20.0,quận tân bình,3.8
30.0,quận tân bình,1.5
20.0,quận tân bình,1.6
38.0,quận tân bình,6.0
27.0,quận tân bình,3.3
24.0,quận tân bình,3.9
24.0,quận tân bình,2.8
14.0,quận tân bình,1.5
9.0,quận tân bình,1.4
26.0,quận tân bình,3.2
16.0,quận tân bình,3.3
30.0,quận tân bình,2.5
14.0,quận bình thạnh,2.8
9.0,quận tân bình,0.8
8.0,quận tân bình,1.6
28.0,quận bình thạnh,2.8
15.0,quận bình thạnh,2.599
40.0,quận tân bình,5.0
20.0,quận tân bình,2.4
20.0,quận tân bình,2.8
27.0,quận bình thạnh,4.9
14.0,quận bình thạnh,2.5
23.0,quận bình thạnh,4.5
17.0,quận bình thạnh,0.95
22.0,quận bình thạnh,3.0
24.0,quận bình thạnh,4.0
16.0,quận tân bình,1.9
20.0,quận tân bình,3.1
28.0,quận tân bình,3.8
30.0,quận tân bình,3.3
26.0,quận tân bình,2.6
9.5,quận bình thạnh,1.6
35.0,quận bình thạnh,7.0
23.0,quận bình thạnh,5.5
14.0,quận bình thạnh,3.0
22.0,quận tân bình,3.1
15.0,quận tân bình,1.2
20.0,quận tân bình,2.9
25.0,quận tân bình,2.3
24.0,quận tân bình,4.0
30.0,quận tân bình,5.5
9.0,quận tân bình,1.0
30.0,quận bình thạnh,5.1
28.0,quận bình thạnh,4.7
13.0,quận bình thạnh,2.5
15.0,quận bình thạnh,2.0
30.0,quận bình thạnh,5.3
25.0,quận bình thạnh,5.1
12.0,quận bình thạnh,2.5
15.0,quận bình thạnh,3.5
10.0,quận bình thạnh,1.5
20.0,quận bình thạnh,6.0
30.0,quận bình thạnh,5.6
26.0,quận bình thạnh,4.5
37.0,quận bình thạnh,6.0
16.0,quận bình thạnh,3.9
15.0,quận bình thạnh,2.8
17.0,quận bình thạnh,3.0
40.0,quận bình thạnh,4.0
20.0,quận bình thạnh,4.000002
35.0,quận bình thạnh,6.0
25.0,quận bình thạnh,5.9
27.0,quận bình thạnh,5.5
24.0,quận bình thạnh,4.5
32.0,quận bình thạnh,5.6
23.0,quận bình thạnh,3.5
22.0,quận bình thạnh,4.8
40.0,quận bình thạnh,6.6
20.0,quận bình thạnh,4.1
22.0,quận bình thạnh,5.7
40.0,quận bình thạnh,6.5
30.0,quận bình thạnh,5.7
40.0,quận bình thạnh,10.0
33.0,quận bình thạnh,3.5
15.0,quận bình thạnh,2.9
14.0,quận bình thạnh,2.4
26.0,quận bình thạnh,4.8
17.0,quận bình thạnh,3.6
5.0,quận bình thạnh,1.5
8.0,quận bình thạnh,2.0
40.0,quận bình thạnh,4.6
22.0,quận bình thạnh,4.2
31.5,quận tân bình,5.9
12.0,quận 11,1.5
20.0,quận 11,1.5
36.0,quận 11,7.0
40.0,quận 11,4.5
12.0,quận 11,2.0
40.0,quận tân bình,8.0
24.0,quận tân bình,3.2
23.0,quận tân bình,4.0
24.0,quận tân bình,2.5
14.0,quận tân bình,3.6
28.0,quận tân bình,5.9
23.0,quận tân bình,4.3
35.0,quận tân phú,4.3
20.0,quận tân phú,3.5
20.0,quận tân phú,2.2
25.0,quận tân phú,3.6
30.0,quận tân phú,2.9
20.0,huyện bình chánh,1.3
16.0,huyện bình chánh,1.5
18.0,huyện bình chánh,1.3
15.0,huyện bình chánh,1.2
20.0,huyện bình chánh,1.6
20.0,huyện bình chánh,3.0
22.0,huyện bình chánh,1.6
25.0,huyện bình chánh,1.5
15.0,huyện bình chánh,2.5
25.0,quận tân phú,3.8
27.0,quận tân phú,4.2
30.0,quận tân phú,3.6
20.0,quận tân phú,3.7
18.0,quận tân phú,2.0
30.0,quận tân phú,4.5
28.0,quận tân phú,4.0
20.0,quận tân phú,1.8
16.0,quận tân phú,1.5
25.0,quận tân phú,3.5
35.0,quận tân phú,4.0
30.0,quận tân phú,3.2
40.0,quận tân phú,4.0
12.0,quận tân phú,2.5
23.0,quận tân phú,3.5
20.0,quận tân phú,3.0
35.0,quận tân phú,3.0
20.0,quận tân phú,2.0
15.0,quận tân phú,1.5
28.0,quận tân phú,2.3
25.0,quận tân phú,3.3
12.0,quận tân phú,1.7000000000000002
27.0,quận tân phú,3.0
30.0,quận tân phú,2.7
10.0,quận tân phú,1.0
22.0,huyện bình chánh,1.9
15.0,huyện bình chánh,1.5
11.5,huyện bình chánh,1.4
14.0,huyện bình chánh,1.5
20.0,huyện bình chánh,1.5
24.0,huyện bình chánh,2.0
15.0,huyện bình chánh,0.85
30.0,huyện bình chánh,2.0
20.0,huyện bình chánh,2.0
18.0,huyện bình chánh,1.8
25.0,huyện bình chánh,2.0
18.0,huyện bình chánh,1.4
20.0,huyện bình chánh,4.0
20.0,huyện bình chánh,1.05
20.0,huyện bình chánh,1.0
25.0,huyện bình chánh,1.3
25.0,huyện bình chánh,1.4
14.0,quận tân phú,2.2
30.0,huyện bình chánh,1.9
25.0,huyện bình chánh,1.7000000000000002
20.0,huyện bình chánh,1.2
30.0,quận tân phú,3.0
30.0,quận tân phú,3.5
24.0,quận tân phú,3.2
25.0,quận tân phú,2.3
25.0,quận tân phú,2.5
25.0,quận tân phú,2.6
20.0,quận tân phú,1.5
20.0,quận tân phú,2.7
20.0,quận tân phú,2.5
18.0,quận tân phú,3.0
16.0,quận tân phú,2.4
25.0,quận tân phú,3.0
25.0,quận tân phú,3.9
12.0,quận tân phú,2.0
15.0,quận tân phú,2.8
22.0,quận tân phú,2.5
30.0,quận tân phú,3.8
25.0,quận tân phú,1.8
20.0,quận tân phú,1.7000000000000002
30.0,quận tân bình,4.4
30.0,quận tân bình,5.8
18.0,huyện bình chánh,1.5
27.0,huyện bình chánh,3.2
12.0,huyện bình chánh,0.9
12.0,huyện bình chánh,2.0
15.0,huyện bình chánh,1.6
18.0,huyện bình chánh,1.6
25.0,quận 2,3.2
30.0,quận 2,4.5
30.0,quận 2,4.2
25.0,quận 2,4.6
30.0,quận 2,3.8
30.0,quận 2,3.6
16.0,huyện bình chánh,2.5
20.0,huyện bình chánh,2.5
30.0,huyện bình chánh,2.8
30.0,quận 2,2.5
26.0,quận 2,3.0
22.0,quận 2,4.5
27.0,quận 2,6.0
35.0,quận 2,4.5
23.0,quận 2,3.0
35.0,quận 2,3.7
25.0,quận 2,3.5
23.0,quận 2,3.9
22.0,quận 2,4.1
25.0,quận 2,3.9
25.0,quận 2,2.5
40.0,quận 2,4.0
20.0,quận 2,3.0
30.0,quận 2,3.2
20.0,quận 2,3.8
25.0,quận 2,2.7
18.0,quận 2,2.6
30.0,quận 2,5.0
25.0,quận 2,3.8
29.0,quận 2,3.3
18.0,quận 2,3.0
32.0,quận 2,6.2
20.0,quận 2,2.8
12.0,quận 2,3.5
36.0,quận 2,9.0
35.0,quận 2,7.0
12.0,quận 2,1.2
15.0,huyện bình chánh,2.0
20.0,huyện bình chánh,2.1
25.0,huyện bình chánh,2.7
25.0,huyện bình chánh,1.8
40.0,huyện bình chánh,3.8
15.0,huyện bình chánh,2.1
30.0,quận 2,7.0
14.0,quận 2,3.2
30.0,quận 2,4.7
20.0,quận 2,1.3
20.0,quận 2,4.5
20.0,quận 2,3.7
30.0,quận 2,2.8
27.0,quận 2,5.5
30.0,quận 2,4.6
25.0,quận 2,4.2
23.0,quận 2,3.5
40.0,quận 2,3.0
24.0,quận 2,3.5
22.0,quận 2,3.3
30.0,quận 2,3.0
30.0,quận 2,4.0
22.0,quận 2,3.5
35.0,quận 2,5.9
32.0,quận 2,3.5
32.0,quận 2,3.2
35.0,quận 2,3.6
18.0,quận 2,2.8
15.0,quận 2,2.8
40.0,quận 2,3.3
20.0,quận 2,2.5
20.0,quận 2,3.5
22.0,quận 2,4.0
20.0,quận 2,3.9
28.0,quận 2,3.9
27.0,quận 2,3.8
30.0,quận 2,3.9
24.0,quận 2,4.0
18.0,huyện bình chánh,2.5
19.0,huyện bình chánh,2.0
40.0,huyện bình chánh,4.5
31.0,quận 2,5.5
20.0,huyện bình chánh,3.2
25.0,huyện bình chánh,3.0
36.0,quận 2,6.0
27.0,quận 2,4.0
35.0,quận 2,5.0
38.0,quận 2,6.0
24.0,quận 2,2.5
25.0,quận 2,5.0
22.0,quận 2,3.2
32.0,quận 2,4.5
14.0,quận 2,3.0
11.0,huyện bình chánh,3.0
12.0,huyện bình chánh,1.2
32.0,huyện bình chánh,3.9
40.0,huyện bình chánh,5.0
18.0,huyện bình chánh,3.5
40.0,huyện bình chánh,6.5
40.0,huyện bình chánh,4.0
20.0,huyện bình chánh,2.8
40.0,huyện bình chánh,3.5
30.0,huyện bình chánh,2.5
25.0,huyện bình chánh,3.5
22.0,huyện bình chánh,4.5
25.0,huyện bình chánh,6.0
25.0,huyện bình chánh,2.5
27.0,huyện bình chánh,2.0
30.0,huyện bình chánh,4.0
28.0,huyện bình chánh,3.5
14.0,huyện bình chánh,1.75
24.0,huyện bình chánh,2.5
20.0,huyện bình chánh,3.5
25.0,huyện bình chánh,4.0
20.0,huyện bình chánh,1.4
25.0,huyện bình chánh,3.7
12.0,huyện bình chánh,1.6
22.0,huyện bình chánh,3.0
20.0,huyện bình chánh,1.1
32.0,huyện bình chánh,2.0
30.0,huyện bình chánh,1.5
18.0,huyện bình chánh,2.0
26.0,huyện bình chánh,2.5
25.0,huyện bình chánh,2.6
25.0,huyện bình chánh,2.2
30.0,huyện bình chánh,3.5
32.0,huyện bình chánh,2.8
14.0,quận tân bình,2.5
20.0,quận 2,2.0
22.0,quận 2,2.5
30.0,quận 2,3.5
25.0,quận 2,4.0
30.0,quận 2,4.4
20.0,quận 2,3.4
16.0,quận 2,3.5
30.0,quận 2,6.5
28.0,quận 2,4.0
22.0,quận 2,2.6
22.0,quận 2,2.8
27.0,quận 2,2.8
40.0,quận 2,3.5
22.0,quận 2,3.7
35.0,quận 2,3.5
20.0,quận 2,2.4
28.0,quận 2,4.5
40.0,quận 2,4.5
18.0,quận 2,2.7
25.0,quận 2,4.3
16.0,quận 2,3.0
25.0,quận 2,1.75
25.0,quận 2,4.5
28.0,quận 2,3.8
30.0,quận 2,5.5
32.0,quận 2,2.9
16.0,quận 2,2.8
24.0,quận 2,3.0
40.0,quận 2,2.7
15.0,quận 2,3.2
30.0,quận 2,3.7
21.0,quận 2,3.8
24.0,quận 2,2.699999
28.0,quận 2,5.5
38.0,quận 2,6.5
30.0,quận 2,6.0
20.0,quận 2,2.9
25.0,quận 2,3.3
18.0,quận 2,3.2
21.5,quận 2,3.2
15.0,quận 2,2.6
25.0,quận 2,3.0
12.0,quận 2,3.0
25.0,quận 2,1.5
25.0,quận 2,4.8
18.0,quận 2,2.5
17.5,quận 2,2.3
40.0,quận 2,5.7
29.0,quận 2,4.5
30.0,quận 2,5.7
28.0,quận 2,7.0
29.0,quận 2,2.9
30.0,quận 2,1.6
18.0,quận 2,3.3
20.0,quận 2,5.5
40.0,quận 2,6.0
20.0,quận 2,5.6
40.0,quận 2,3.9
26.0,quận 2,2.5
25.0,quận 2,1.6
16.5,quận 2,2.0
40.0,quận 2,4.7
30.0,quận 2,5.8
22.0,quận 2,3.9
20.0,quận 2,2.2
30.0,quận 2,5.2
30.0,quận 2,4.3
40.0,quận 2,5.4
16.0,quận 2,2.0
20.0,quận 2,3.3
25.0,quận 2,2.6
25.0,quận 2,2.9
36.0,quận 2,4.0
15.0,quận 2,2.2
20.0,quận 2,4.8
22.0,quận 2,5.2
30.0,quận 2,3.3
25.0,quận 2,2.8
27.0,quận 2,3.0
16.0,quận 2,1.5
32.0,quận 2,4.3
34.0,quận 2,5.0
18.0,quận 2,4.5
20.0,quận 2,2.6
25.0,quận 2,3.4
35.0,quận 2,6.0
14.0,quận tân bình,2.3
26.0,quận tân bình,4.5
18.0,quận tân bình,2.3
40.0,quận tân bình,4.0
35.0,quận tân bình,3.3
25.0,quận tân phú,4.1
40.0,quận tân phú,5.0
25.0,quận tân phú,2.7
28.0,quận tân phú,3.7
18.0,quận tân phú,3.9
9.0,quận tân phú,1.5
30.0,quận thủ đức,2.0
25.0,quận tân phú,3.1
28.0,quận tân phú,3.6
30.0,quận tân phú,3.9
20.0,quận tân phú,3.8
30.0,quận tân phú,2.5
18.0,quận tân phú,1.8
24.0,quận tân phú,2.3
25.0,quận tân phú,2.0
10.0,quận tân phú,1.1
23.0,quận tân phú,2.9
16.0,quận tân phú,2.1
15.0,quận tân phú,2.1
9.0,quận tân phú,1.8
26.0,quận tân phú,2.7
40.0,quận tân phú,3.0
36.0,quận tân phú,2.5
27.0,quận tân phú,3.8
25.0,quận tân phú,3.2
21.0,quận tân phú,2.0
22.0,quận tân phú,3.2
22.0,quận tân phú,2.7
32.0,quận tân phú,4.5
25.0,quận tân phú,4.2
17.0,quận tân phú,3.0
30.0,quận tân phú,4.2
32.0,quận tân phú,3.5
22.0,quận tân phú,2.0
6.5,quận tân phú,0.7000000000000001
30.0,quận tân phú,4.0
25.0,quận tân phú,3.7
20.0,quận tân phú,2.3
18.0,quận tân phú,2.9
18.0,quận thủ đức,1.2
20.0,quận thủ đức,1.1
23.0,quận thủ đức,2.5
40.0,quận thủ đức,5.0
28.0,quận thủ đức,2.0
20.0,quận thủ đức,1.8
12.0,quận tân phú,3.5
20.0,quận tân phú,4.5
20.0,quận tân phú,2.4
16.0,quận tân phú,1.7000000000000002
10.0,quận tân phú,1.2
12.0,quận tân phú,2.2
25.0,quận tân phú,2.9
16.0,quận tân phú,2.5
18.0,quận tân phú,2.3
30.0,quận thủ đức,3.5
32.0,quận thủ đức,2.4
25.0,quận tân phú,4.0
32.0,quận thủ đức,4.2
20.0,quận thủ đức,2.0
15.0,quận thủ đức,2.0
18.0,quận thủ đức,2.7
18.0,quận thủ đức,1.7000000000000002
40.0,quận thủ đức,3.5
34.0,quận thủ đức,4.0
10.0,quận thủ đức,0.8
20.0,quận thủ đức,4.0
15.0,quận thủ đức,2.7
25.0,quận thủ đức,2.5
25.0,quận thủ đức,2.0
18.0,quận thủ đức,2.4
16.0,quận thủ đức,2.1
25.0,quận thủ đức,2.6
23.0,quận thủ đức,2.8
25.0,quận thủ đức,3.5
20.0,quận thủ đức,2.5
35.0,quận thủ đức,3.0
17.0,quận thủ đức,2.3
30.0,quận thủ đức,3.0
22.0,quận thủ đức,2.6
25.0,quận thủ đức,2.7
22.0,quận thủ đức,2.2
25.0,quận thủ đức,2.8
15.0,quận thủ đức,3.0
16.0,quận thủ đức,2.0
20.0,quận thủ đức,2.6
23.0,quận thủ đức,2.3
20.0,quận thủ đức,1.7000000000000002
20.0,quận thủ đức,2.4
15.0,quận thủ đức,3.4
18.0,quận thủ đức,3.0
18.0,quận tân phú,1.7000000000000002
30.0,quận tân phú,4.1
20.0,quận thủ đức,3.2
20.0,quận thủ đức,3.0
25.0,quận thủ đức,4.3
21.0,quận thủ đức,3.7
16.0,quận thủ đức,1.35
20.0,quận thủ đức,3.5
22.0,quận thủ đức,2.8
30.0,quận thủ đức,5.5
30.0,quận thủ đức,4.5
20.0,quận thủ đức,3.4
25.0,quận thủ đức,5.5
25.0,quận thủ đức,4.5
25.0,quận thủ đức,2.2
38.0,quận thủ đức,2.4
12.0,quận thủ đức,1.5
20.0,quận thủ đức,1.5
12.0,quận thủ đức,1.2
25.0,quận thủ đức,3.2
30.0,quận thủ đức,3.9
25.0,quận thủ đức,1.3
22.0,quận thủ đức,3.2
25.0,quận thủ đức,3.8
22.0,quận thủ đức,3.3
24.0,quận thủ đức,3.0
12.0,quận thủ đức,2.0
10.0,quận thủ đức,2.6
30.0,quận thủ đức,2.5
12.0,quận thủ đức,1.0
18.0,quận thủ đức,2.0
14.0,quận thủ đức,2.2
25.0,quận thủ đức,2.3
21.0,quận thủ đức,4.5
25.0,quận thủ đức,3.0
9.0,quận thủ đức,1.8
20.0,quận thủ đức,2.2
12.0,quận thủ đức,1.7000000000000002
35.0,quận thủ đức,4.5
15.0,quận thủ đức,2.6
16.0,quận thủ đức,3.4
10.0,quận thủ đức,2.5
22.0,quận thủ đức,2.5
15.0,quận thủ đức,3.3
12.0,quận thủ đức,1.4
14.0,quận thủ đức,2.5
24.0,quận thủ đức,2.5
20.0,quận thủ đức,2.8
16.0,quận thủ đức,3.0
18.0,quận thủ đức,3.6
40.0,quận thủ đức,4.0
30.0,quận thủ đức,3.2
25.0,quận thủ đức,3.1
23.0,quận thủ đức,3.2
40.0,quận thủ đức,3.3
40.0,quận thủ đức,3.0
15.0,quận thủ đức,2.8
25.0,quận thủ đức,3.6
20.0,quận thủ đức,2.7
30.0,quận thủ đức,3.4
30.0,quận thủ đức,2.6
25.0,quận thủ đức,4.2
32.0,quận thủ đức,4.5
24.0,quận thủ đức,4.0
35.0,quận thủ đức,3.3
23.0,quận thủ đức,4.5
18.0,quận thủ đức,2.5
22.0,quận thủ đức,1.2
17.0,quận thủ đức,1.7000000000000002
12.0,quận thủ đức,2.5
25.0,quận thủ đức,2.9
12.0,quận thủ đức,1.6
30.0,quận thủ đức,3.6
21.0,quận thủ đức,1.8
15.0,quận thủ đức,1.8
30.0,quận thủ đức,1.7000000000000002
35.0,quận thủ đức,3.8
32.0,quận thủ đức,3.0
35.0,quận thủ đức,3.6
32.0,quận thủ đức,3.3
15.0,quận thủ đức,3.2
15.0,quận thủ đức,2.2
35.0,quận thủ đức,3.5
35.0,quận thủ đức,2.5
22.0,quận thủ đức,1.5
12.0,quận thủ đức,1.3
15.0,quận thủ đức,1.7000000000000002
12.0,quận thủ đức,1.9
16.0,quận thủ đức,2.2
15.0,quận thủ đức,1.2
16.0,quận thủ đức,1.8
24.0,quận thủ đức,1.8
16.0,quận thủ đức,1.7000000000000002
17.0,quận thủ đức,2.0
15.0,quận thủ đức,2.5
14.0,quận thủ đức,0.8
28.0,quận thủ đức,2.7
28.0,quận thủ đức,2.8
31.0,quận thủ đức,3.2
24.0,quận thủ đức,3.5
16.8,quận thủ đức,2.4
12.0,quận tân phú,1.4
18.0,quận tân phú,2.5
25.0,quận tân phú,2.8
28.0,quận tân phú,3.5
12.0,quận tân phú,1.5
20.0,quận tân phú,3.3
12.0,quận tân phú,1.8
22.0,quận tân phú,2.4
30.0,quận tân phú,5.5
20.0,quận tân phú,4.0
25.0,quận tân phú,1.5
40.0,quận tân phú,4.5
25.0,quận tân phú,4.5
35.0,quận tân phú,5.0
16.0,quận tân phú,3.0
30.0,quận tân phú,4.8
25.0,quận tân phú,4.7
25.0,quận tân phú,4.8
20.0,quận tân phú,4.6
25.0,quận tân phú,2.2
34.0,quận tân phú,4.1
10.0,quận tân phú,1.5
13.0,quận tân phú,2.5
27.0,quận tân phú,3.7
30.0,quận tân phú,3.3
22.0,quận tân phú,3.6
28.0,quận tân phú,3.9
20.0,quận tân phú,1.95
25.0,quận tân phú,5.0
27.0,quận tân phú,2.8
30.0,quận tân phú,5.2
20.0,quận tân phú,2.6
20.0,quận tân phú,3.6
20.0,quận tân phú,3.2
32.0,quận tân phú,4.0
26.0,quận tân phú,3.8
18.0,quận tân phú,2.1
18.0,quận tân phú,2.2
20.0,quận tân phú,3.4
15.75,quận tân phú,2.2
24.0,quận tân phú,1.4
35.0,quận tân phú,4.5
28.0,quận tân phú,2.5
20.0,quận tân phú,3.9
24.0,quận tân phú,3.9
29.0,quận tân phú,3.7
25.0,quận tân phú,3.4
12.0,quận tân phú,1.3
24.0,quận tân phú,2.8
15.0,quận tân phú,1.7000000000000002
28.0,quận tân phú,3.8
20.0,quận tân phú,4.8
27.0,quận tân phú,3.5
28.0,quận tân phú,5.0
20.0,quận thủ đức,4.2
21.0,quận thủ đức,1.7000000000000002
26.0,quận thủ đức,2.5
20.0,quận thủ đức,2.3
33.0,quận thủ đức,4.5
27.0,quận thủ đức,3.5
25.0,quận thủ đức,1.6
20.0,quận thủ đức,3.8
16.0,quận thủ đức,3.3
30.0,quận thủ đức,2.8
28.0,quận thủ đức,3.5
22.0,quận thủ đức,3.5
17.0,quận thủ đức,2.9
30.0,quận tân phú,4.7
35.0,quận tân phú,2.5
30.0,quận thủ đức,4.4
22.0,quận tân phú,2.6
23.0,quận tân phú,3.3
26.0,quận tân phú,4.0
19.0,quận tân phú,2.6
13.0,quận tân phú,2.0
18.0,quận tân phú,3.5
35.0,quận tân phú,1.8
26.0,quận tân phú,2.9
14.0,quận tân phú,3.5
28.0,quận tân phú,2.0
20.0,quận tân phú,2.9
17.0,quận tân phú,3.7
16.0,quận tân phú,4.0
14.0,quận tân phú,1.7000000000000002
16.0,quận tân phú,2.2
24.0,quận tân phú,3.7
22.0,quận tân phú,3.1
20.0,quận tân phú,3.1
30.0,quận tân phú,3.1
16.0,quận tân phú,2.3
27.0,quận tân phú,4.4
22.0,quận tân phú,3.5
30.0,quận tân phú,5.0
35.0,quận tân phú,6.0
25.0,quận tân phú,4.3
28.0,quận tân phú,4.5
15.0,quận tân phú,1.8
16.0,quận tân phú,2.0
20.0,quận 11,1.6
18.0,quận tân phú,3.3
12.0,quận 11,1.2
18.0,quận 11,2.5
12.0,quận 11,2.3
12.0,quận 11,2.5
15.0,quận 11,2.3
25.0,quận tân phú,2.4
16.0,quận 11,2.2
20.0,quận 11,3.6
16.0,quận thủ đức,1.9
24.0,quận thủ đức,3.3
30.0,quận thủ đức,3.7
28.0,quận thủ đức,2.3
23.0,quận thủ đức,4.0
22.0,quận thủ đức,3.8
29.0,quận thủ đức,1.5
25.0,quận thủ đức,1.5
17.0,quận thủ đức,1.9
20.0,quận thủ đức,1.0
18.0,quận thủ đức,1.6
17.0,quận thủ đức,1.8
20.0,quận thủ đức,1.9
28.0,quận thủ đức,2.5
22.0,quận thủ đức,3.0
32.0,quận thủ đức,3.2
22.0,quận thủ đức,1.9
20.0,quận thủ đức,1.2
15.0,quận thủ đức,0.8
20.0,quận thủ đức,1.3
10.0,quận thủ đức,1.0
16.0,quận thủ đức,1.5
8.0,quận thủ đức,2.3
24.0,quận thủ đức,2.8
32.0,quận thủ đức,2.9
16.0,quận thủ đức,1.4
32.0,quận thủ đức,4.0
14.5,quận thủ đức,2.5
25.0,quận thủ đức,4.0
14.0,quận thủ đức,1.3
25.0,quận thủ đức,4.6
30.0,quận thủ đức,5.7
18.0,quận thủ đức,3.5
15.0,quận 11,3.0
27.0,quận thủ đức,2.5
30.0,quận thủ đức,2.9
24.0,quận thủ đức,2.7
15.0,quận thủ đức,1.5
30.0,quận thủ đức,5.0
16.0,quận 11,3.0
25.0,quận 11,2.5
25.0,quận 11,4.0
18.0,quận 11,3.2
20.0,quận 11,2.7
30.0,quận 11,3.2
12.0,quận 11,1.7000000000000002
35.0,quận 11,3.0
35.0,quận 11,3.2
30.0,quận 11,3.5
8.0,quận 11,1.0
25.0,quận 11,3.2
14.0,quận 11,2.0
27.0,quận thủ đức,2.8
25.0,quận 11,1.5
18.0,quận 11,1.7000000000000002
8.0,quận 11,1.5
12.0,quận 11,3.0
26.0,quận 11,2.3
16.0,quận 11,3.2
28.0,quận 11,3.0
28.0,quận 11,3.5
27.0,quận 11,3.7
30.0,quận 11,3.3
10.0,quận 11,2.5
25.0,quận 11,2.7
16.0,quận 11,1.5
27.0,quận 11,3.8
9.0,quận 11,1.5
40.0,quận 11,3.8
30.0,quận 11,4.0
30.0,quận 11,3.9
16.0,quận 11,2.5
15.0,quận 11,3.8
15.0,quận 11,1.7000000000000002
20.0,quận 11,2.0
28.0,quận 11,3.1
18.0,quận 11,2.9
16.0,quận 11,2.7
28.0,quận 11,4.7
12.0,huyện hóc môn,1.0
20.0,huyện hóc môn,1.8
16.0,huyện hóc môn,1.5
20.0,huyện hóc môn,2.0
20.0,huyện hóc môn,1.0
15.0,huyện hóc môn,1.2
22.0,huyện hóc môn,2.5
30.0,huyện hóc môn,2.6
24.0,huyện hóc môn,1.6
25.0,huyện hóc môn,2.5
25.0,huyện hóc môn,2.6
28.0,huyện hóc môn,2.5
12.0,huyện hóc môn,1.2
20.0,huyện hóc môn,2.2
30.0,huyện hóc môn,2.5
15.0,huyện hóc môn,1.5
14.0,huyện hóc môn,1.2
19.0,huyện hóc môn,1.2
23.0,huyện hóc môn,2.5
30.0,huyện hóc môn,2.3
30.0,huyện hóc môn,2.0
26.0,huyện hóc môn,1.3
32.0,huyện hóc môn,2.2
16.0,huyện hóc môn,1.3
12.0,huyện hóc môn,2.3
25.0,huyện hóc môn,1.4
21.0,huyện hóc môn,1.4
12.5,huyện hóc môn,0.9
18.0,huyện hóc môn,1.6
24.0,huyện hóc môn,1.3
14.0,huyện hóc môn,1.1
9.0,huyện hóc môn,0.7000000000000001
20.0,huyện hóc môn,2.5
18.0,huyện hóc môn,1.3
20.0,huyện hóc môn,1.2
9.0,huyện hóc môn,0.65
20.0,huyện hóc môn,1.5
15.0,huyện hóc môn,1.6
12.0,huyện hóc môn,1.3
25.0,huyện hóc môn,2.1
23.0,huyện hóc môn,2.1
22.0,huyện hóc môn,2.1
20.0,huyện hóc môn,2.1
9.0,huyện hóc môn,0.8
11.0,huyện hóc môn,1.3
18.0,huyện hóc môn,1.5
15.0,huyện hóc môn,3.5
16.0,huyện hóc môn,2.0
11.0,huyện hóc môn,1.0
25.0,huyện hóc môn,1.6
15.0,huyện hóc môn,1.3
15.0,huyện hóc môn,0.9
32.0,huyện hóc môn,2.0
35.0,huyện hóc môn,3.0
25.0,huyện hóc môn,1.7000000000000002
25.0,huyện hóc môn,1.9
12.0,huyện hóc môn,0.8
30.0,huyện hóc môn,3.5
22.0,huyện hóc môn,1.7000000000000002
12.0,huyện hóc môn,1.5
12.0,huyện hóc môn,1.7000000000000002
15.0,huyện hóc môn,1.7000000000000002
19.0,huyện hóc môn,1.0
20.0,huyện hóc môn,1.3
25.0,huyện hóc môn,2.2
22.0,quận 11,4.99
20.0,huyện hóc môn,1.6
20.0,huyện hóc môn,1.7000000000000002
15.0,quận 11,1.3
7.0,quận 11,2.0
35.0,quận 11,3.4
25.0,quận 11,5.2
12.0,quận 11,2.7
15.0,quận 11,2.8
36.0,quận 11,3.5
10.0,quận 11,2.2
12.0,quận 11,3.6
11.0,quận 11,2.2
24.0,quận 11,2.7
15.0,quận 11,2.5
18.0,quận 11,3.3
23.0,quận 11,3.5
24.0,quận 11,3.5
18.0,quận 11,2.3
15.0,quận 11,1.0
25.0,quận 11,1.4
26.0,quận 11,3.8
6.0,quận 11,1.0
12.0,quận 11,1.0
25.0,quận 11,2.0
13.0,quận 11,3.0
40.0,quận 11,4.0
17.0,quận 11,2.5
30.0,quận 11,4.6
18.0,quận 11,2.7
35.0,quận tân bình,3.5
35.0,quận tân bình,8.5
12.0,quận tân bình,3.0
25.0,quận tân bình,3.6
30.0,quận tân bình,6.5
30.0,quận tân bình,1.6
17.0,quận tân bình,1.6
15.0,quận tân bình,3.8
35.0,quận tân bình,4.0
18.0,quận tân bình,2.6
15.0,quận 11,2.4
25.0,quận tân bình,1.4
14.0,quận 11,2.9
20.0,quận 11,2.6
18.0,quận 11,2.4
18.0,quận 11,2.0
25.0,quận 11,4.2
25.0,quận 11,6.0
8.0,quận 11,1.6
8.0,quận 11,1.2
24.0,quận 11,3.2
22.0,quận 11,4.0
8.0,quận 11,2.0
20.0,quận 11,4.0
16.0,quận 11,1.7000000000000002
30.0,quận 11,5.0
30.0,quận 11,5.5
18.0,quận 11,2.1
20.0,quận 11,4.2
16.0,quận 11,3.6
25.0,quận 11,4.8
20.0,quận 11,3.9
15.0,quận 11,3.5
20.0,quận 11,3.2
24.0,quận 11,4.5
17.0,quận 11,3.0
30.0,quận 11,3.4
17.0,quận 11,1.7000000000000002
30.0,quận 11,2.6
16.0,quận 11,2.3
10.0,quận 11,1.7000000000000002
24.0,quận 11,3.0
35.0,quận 11,3.5
12.0,quận 11,2.2
7.0,quận 11,1.6
35.0,quận 11,6.0
40.0,quận 11,5.0
35.0,quận 11,5.5
30.0,quận 11,5.7
18.0,quận 11,4.0
35.0,quận 11,7.6
36.0,quận 11,5.0
15.0,quận 11,1.8
11.0,quận 11,1.2
20.0,quận 11,1.8
30.0,quận 11,8.5
25.0,quận 11,3.6
20.0,quận 11,4.5
28.0,quận 11,3.9
35.0,quận 11,4.0
36.0,quận 11,6.5
10.0,quận 11,2.3
16.0,quận 11,1.2
36.0,quận 11,6.0
40.0,quận 11,6.0
38.0,quận 11,4.2
10.0,quận 11,1.1
18.0,quận 11,3.7
20.0,quận 11,1.4
14.0,quận 11,2.3
13.0,quận 11,3.1
22.0,quận 11,3.6
14.0,quận 11,1.7000000000000002
14.0,quận 11,2.2
12.0,quận 11,3.5
